id,date,driver_id,violation_id,location_id,car_id
3,2023-01-01,366,1,1,366
5,2023-01-01,212,1,2,212
6,2023-01-01,477,3,3,477
9,2023-01-01,311,6,4,311
10,2023-01-01,35,3,5,35
11,2023-01-01,361,3,6,361
12,2023-01-01,300,1,7,300
13,2023-01-01,296,3,8,296
15,2023-01-01,283,3,4,283
16,2023-01-02,425,6,9,425
26,2023-01-02,363,2,10,363
29,2023-01-02,472,1,4,472
31,2023-01-03,169,4,11,169
33,2023-01-03,89,1,12,89
34,2023-01-03,72,5,13,72
38,2023-01-03,481,4,14,481
39,2023-01-03,120,4,15,120
41,2023-01-03,275,4,3,275
43,2023-01-03,402,3,12,402
44,2023-01-04,250,3,16,250
45,2023-01-04,456,2,7,456
50,2023-01-04,6,4,17,6
51,2023-01-04,222,1,18,222
52,2023-01-04,268,2,3,268
55,2023-01-04,484,5,19,484
56,2023-01-04,66,4,20,66
57,2023-01-05,250,5,21,250
59,2023-01-05,147,6,22,147
61,2023-01-05,460,6,23,460
62,2023-01-05,379,1,11,379
63,2023-01-05,329,5,24,329
65,2023-01-05,40,3,7,40
66,2023-01-05,476,5,25,476
68,2023-01-05,153,6,13,153
69,2023-01-05,140,2,5,140
70,2023-01-05,311,3,26,311
72,2023-01-05,227,5,27,227
73,2023-01-05,93,5,28,93
75,2023-01-06,259,2,23,259
76,2023-01-06,360,6,14,360
77,2023-01-06,459,5,29,459
78,2023-01-06,35,4,5,35
79,2023-01-06,460,1,30,460
83,2023-01-06,107,5,16,107
84,2023-01-06,158,6,27,158
86,2023-01-06,26,3,29,26
87,2023-01-06,429,4,9,429
89,2023-01-07,77,2,12,77
91,2023-01-07,144,5,31,144
94,2023-01-07,206,4,9,206
95,2023-01-07,150,3,32,150
98,2023-01-07,357,6,32,357
101,2023-01-07,422,2,18,422
102,2023-01-07,281,5,33,281
103,2023-01-08,234,4,15,234
105,2023-01-08,187,3,34,187
106,2023-01-08,298,1,35,298
107,2023-01-08,166,1,11,166
108,2023-01-08,290,6,2,290
109,2023-01-08,278,3,31,278
115,2023-01-09,108,5,12,108
117,2023-01-09,201,6,19,201
122,2023-01-09,393,1,36,393
123,2023-01-09,480,3,1,480
125,2023-01-10,153,1,37,153
127,2023-01-10,96,2,38,96
130,2023-01-10,307,5,39,307
131,2023-01-10,334,6,20,334
133,2023-01-11,349,2,21,349
139,2023-01-11,235,6,40,235
141,2023-01-11,298,3,15,298
145,2023-01-12,191,1,41,191
147,2023-01-12,346,3,7,346
148,2023-01-12,354,5,42,354
150,2023-01-12,183,6,36,183
151,2023-01-12,203,4,12,203
155,2023-01-12,88,4,7,88
160,2023-01-13,197,5,9,197
161,2023-01-13,308,6,31,308
162,2023-01-13,53,3,5,53
164,2023-01-13,158,4,35,158
165,2023-01-13,22,6,1,22
167,2023-01-13,300,6,38,300
168,2023-01-13,433,1,28,433
169,2023-01-13,366,6,38,366
170,2023-01-13,290,2,32,290
172,2023-01-13,411,2,16,411
173,2023-01-13,195,2,41,195
175,2023-01-13,230,4,5,230
178,2023-01-14,37,6,23,37
180,2023-01-14,272,4,10,272
182,2023-01-14,212,1,22,212
188,2023-01-14,342,2,40,342
190,2023-01-14,429,6,18,429
191,2023-01-14,176,3,1,176
192,2023-01-14,58,3,28,58
193,2023-01-14,43,1,11,43
197,2023-01-15,160,2,34,160
198,2023-01-15,360,5,6,360
199,2023-01-15,94,2,28,94
200,2023-01-15,358,2,35,358
201,2023-01-15,328,2,31,328
202,2023-01-15,57,1,5,57
206,2023-01-16,482,4,1,482
207,2023-01-16,450,2,23,450
211,2023-01-16,105,1,19,105
212,2023-01-16,105,6,7,105
214,2023-01-16,484,6,10,484
215,2023-01-16,414,1,43,414
220,2023-01-16,111,2,42,111
225,2023-01-17,467,5,42,467
226,2023-01-17,336,1,44,336
229,2023-01-17,213,4,7,213
232,2023-01-17,325,6,15,325
234,2023-01-17,134,4,43,134
235,2023-01-17,235,3,45,235
243,2023-01-18,177,2,5,177
247,2023-01-18,22,3,40,22
248,2023-01-18,479,3,16,479
249,2023-01-18,465,1,39,465
250,2023-01-19,242,4,21,242
253,2023-01-19,237,4,43,237
255,2023-01-19,439,6,16,439
257,2023-01-19,419,2,22,419
261,2023-01-19,24,3,46,24
264,2023-01-20,130,5,45,130
273,2023-01-20,292,3,22,292
275,2023-01-21,64,3,35,64
276,2023-01-21,99,4,30,99
277,2023-01-21,261,1,33,261
279,2023-01-21,327,4,8,327
280,2023-01-21,474,2,6,474
282,2023-01-21,243,5,4,243
283,2023-01-21,407,3,19,407
284,2023-01-21,73,6,11,73
285,2023-01-21,250,6,33,250
286,2023-01-22,254,5,4,254
289,2023-01-22,401,3,13,401
293,2023-01-22,354,3,14,354
294,2023-01-22,438,6,13,438
295,2023-01-22,475,3,45,475
296,2023-01-22,365,1,38,365
297,2023-01-22,421,5,7,421
298,2023-01-22,277,1,8,277
299,2023-01-22,266,4,17,266
300,2023-01-22,270,3,46,270
301,2023-01-22,181,6,12,181
303,2023-01-22,394,6,27,394
305,2023-01-23,478,5,44,478
306,2023-01-23,136,6,2,136
308,2023-01-23,44,4,30,44
309,2023-01-23,125,3,1,125
310,2023-01-23,140,3,28,140
311,2023-01-23,263,1,10,263
315,2023-01-23,131,2,14,131
316,2023-01-23,117,4,18,117
317,2023-01-24,314,4,40,314
318,2023-01-24,69,1,31,69
319,2023-01-24,56,3,31,56
321,2023-01-24,373,6,18,373
322,2023-01-24,1,3,35,1
324,2023-01-24,42,6,47,42
325,2023-01-24,428,5,33,428
327,2023-01-25,68,2,19,68
330,2023-01-25,324,4,26,324
331,2023-01-25,19,2,10,19
335,2023-01-25,101,6,34,101
336,2023-01-25,150,6,2,150
338,2023-01-25,347,4,10,347
344,2023-01-26,288,2,11,288
346,2023-01-26,380,1,27,380
348,2023-01-26,453,3,5,453
352,2023-01-26,324,1,42,324
354,2023-01-26,285,6,22,285
358,2023-01-27,31,4,29,31
359,2023-01-27,334,6,2,334
361,2023-01-27,441,1,36,441
362,2023-01-27,85,3,14,85
363,2023-01-27,130,2,28,130
365,2023-01-27,211,5,35,211
366,2023-01-27,121,4,26,121
368,2023-01-27,363,1,34,363
372,2023-01-28,358,4,34,358
375,2023-01-28,5,2,33,5
377,2023-01-28,58,6,17,58
379,2023-01-28,84,2,27,84
380,2023-01-28,306,5,48,306
381,2023-01-28,376,6,17,376
382,2023-01-28,80,4,9,80
383,2023-01-28,422,4,1,422
386,2023-01-29,415,5,49,415
394,2023-01-29,55,4,1,55
395,2023-01-29,72,5,17,72
397,2023-01-29,437,6,18,437
400,2023-01-30,361,6,20,361
404,2023-01-30,439,1,30,439
405,2023-01-30,218,1,38,218
406,2023-01-30,263,1,27,263
408,2023-01-30,348,3,28,348
409,2023-01-30,68,4,11,68
411,2023-01-30,206,3,42,206
413,2023-01-31,372,5,47,372
417,2023-01-31,269,5,26,269
418,2023-01-31,109,3,18,109
419,2023-01-31,473,2,43,473
421,2023-01-31,277,6,46,277
422,2023-01-31,418,2,3,418
423,2023-02-01,455,5,2,455
424,2023-02-01,51,3,38,51
426,2023-02-01,163,6,49,163
428,2023-02-01,441,1,6,441
430,2023-02-01,292,5,44,292
431,2023-02-01,134,5,6,134
432,2023-02-01,59,3,39,59
433,2023-02-01,269,4,12,269
434,2023-02-01,295,2,12,295
438,2023-02-01,108,5,34,108
439,2023-02-01,342,3,46,342
442,2023-02-01,354,4,40,354
443,2023-02-01,446,3,27,446
446,2023-02-02,321,3,11,321
449,2023-02-02,392,6,42,392
451,2023-02-02,259,6,8,259
453,2023-02-02,308,2,8,308
454,2023-02-02,93,4,41,93
457,2023-02-03,429,1,50,429
459,2023-02-03,64,3,19,64
461,2023-02-03,500,4,28,500
462,2023-02-03,352,5,33,352
463,2023-02-03,291,1,47,291
464,2023-02-03,282,1,18,282
465,2023-02-03,247,5,14,247
466,2023-02-03,127,3,16,127
468,2023-02-03,108,1,11,108
469,2023-02-03,266,6,27,266
470,2023-02-03,157,2,34,157
473,2023-02-03,89,2,23,89
474,2023-02-03,364,4,20,364
477,2023-02-03,38,1,21,38
478,2023-02-04,485,4,49,485
479,2023-02-04,192,4,45,192
486,2023-02-04,214,3,41,214
488,2023-02-04,248,6,22,248
489,2023-02-04,35,3,38,35
491,2023-02-04,54,3,25,54
492,2023-02-04,361,1,47,361
493,2023-02-04,154,6,25,154
494,2023-02-05,463,3,2,463
496,2023-02-05,202,4,6,202
497,2023-02-05,130,1,7,130
498,2023-02-05,298,1,40,298
503,2023-02-05,13,5,29,13
509,2023-02-05,120,6,3,120
511,2023-02-06,31,6,13,31
513,2023-02-06,445,6,19,445
514,2023-02-06,52,6,7,52
518,2023-02-06,395,4,13,395
520,2023-02-06,411,6,7,411
523,2023-02-06,383,6,26,383
525,2023-02-06,198,2,40,198
527,2023-02-07,475,5,21,475
528,2023-02-07,385,4,1,385
529,2023-02-07,462,1,44,462
530,2023-02-07,234,3,7,234
531,2023-02-07,281,5,40,281
532,2023-02-07,266,5,15,266
533,2023-02-07,303,1,29,303
536,2023-02-07,289,6,40,289
537,2023-02-07,369,6,17,369
540,2023-02-07,203,2,6,203
543,2023-02-08,430,6,5,430
545,2023-02-08,208,4,41,208
548,2023-02-09,69,6,46,69
551,2023-02-09,276,5,16,276
553,2023-02-09,142,5,11,142
554,2023-02-09,330,2,8,330
559,2023-02-10,129,6,34,129
560,2023-02-10,466,5,39,466
564,2023-02-10,133,1,39,133
566,2023-02-11,191,4,50,191
567,2023-02-11,482,6,6,482
568,2023-02-11,400,4,50,400
572,2023-02-11,161,5,24,161
573,2023-02-11,332,2,20,332
574,2023-02-11,179,3,9,179
575,2023-02-11,244,2,9,244
577,2023-02-12,150,5,41,150
580,2023-02-12,246,5,14,246
583,2023-02-12,51,1,32,51
585,2023-02-12,89,2,14,89
586,2023-02-12,295,6,24,295
590,2023-02-13,364,3,35,364
591,2023-02-13,231,1,34,231
593,2023-02-13,182,4,44,182
595,2023-02-13,88,1,10,88
597,2023-02-13,22,3,22,22
600,2023-02-13,296,6,22,296
604,2023-02-14,83,1,9,83
606,2023-02-14,240,5,44,240
608,2023-02-14,99,2,45,99
609,2023-02-14,138,4,34,138
613,2023-02-14,175,1,29,175
614,2023-02-14,28,2,9,28
617,2023-02-14,308,4,6,308
619,2023-02-15,190,5,20,190
620,2023-02-15,467,3,20,467
624,2023-02-15,426,3,11,426
626,2023-02-15,47,5,25,47
628,2023-02-15,422,5,8,422
629,2023-02-15,96,1,14,96
630,2023-02-15,291,6,48,291
631,2023-02-16,303,4,5,303
633,2023-02-16,257,6,35,257
636,2023-02-16,440,4,6,440
637,2023-02-16,474,6,40,474
638,2023-02-16,333,6,25,333
643,2023-02-16,169,4,19,169
645,2023-02-16,410,2,9,410
646,2023-02-16,354,6,44,354
647,2023-02-16,357,1,22,357
650,2023-02-16,236,6,11,236
651,2023-02-16,8,4,26,8
655,2023-02-17,12,6,12,12
659,2023-02-17,231,1,27,231
662,2023-02-17,451,3,6,451
663,2023-02-17,191,3,28,191
664,2023-02-17,287,2,24,287
666,2023-02-18,226,1,46,226
667,2023-02-18,261,2,50,261
668,2023-02-18,94,2,16,94
671,2023-02-18,269,2,45,269
673,2023-02-18,47,1,44,47
675,2023-02-18,298,6,28,298
678,2023-02-18,375,6,31,375
679,2023-02-19,371,6,26,371
680,2023-02-19,444,4,31,444
681,2023-02-19,148,3,33,148
682,2023-02-19,244,3,35,244
683,2023-02-19,363,6,36,363
684,2023-02-19,255,4,14,255
687,2023-02-19,319,6,23,319
689,2023-02-19,135,2,34,135
690,2023-02-19,58,2,19,58
691,2023-02-20,98,6,41,98
692,2023-02-20,244,3,21,244
693,2023-02-20,174,4,46,174
694,2023-02-20,199,3,30,199
695,2023-02-20,264,4,20,264
696,2023-02-20,422,3,36,422
700,2023-02-20,348,2,16,348
701,2023-02-20,372,5,44,372
703,2023-02-20,71,6,13,71
705,2023-02-20,317,3,4,317
706,2023-02-20,162,6,11,162
707,2023-02-20,22,1,44,22
709,2023-02-21,380,6,4,380
710,2023-02-21,444,5,43,444
711,2023-02-21,184,1,44,184
713,2023-02-21,178,3,44,178
715,2023-02-21,85,6,13,85
719,2023-02-21,53,6,50,53
720,2023-02-21,200,1,17,200
724,2023-02-22,417,3,47,417
725,2023-02-22,270,6,28,270
728,2023-02-22,291,3,44,291
730,2023-02-22,168,2,17,168
732,2023-02-23,195,4,12,195
733,2023-02-23,408,5,48,408
734,2023-02-23,352,4,40,352
735,2023-02-23,466,2,18,466
739,2023-02-24,77,5,40,77
740,2023-02-24,17,6,10,17
744,2023-02-24,143,3,6,143
748,2023-02-24,15,2,45,15
751,2023-02-24,64,4,2,64
752,2023-02-24,76,2,39,76
754,2023-02-24,66,4,6,66
755,2023-02-24,201,6,13,201
757,2023-02-24,21,3,18,21
758,2023-02-24,237,5,15,237
759,2023-02-25,316,2,37,316
762,2023-02-25,494,6,12,494
765,2023-02-25,120,5,24,120
766,2023-02-25,122,5,41,122
767,2023-02-25,115,2,13,115
768,2023-02-25,97,4,39,97
770,2023-02-25,201,2,47,201
775,2023-02-26,416,2,43,416
778,2023-02-26,340,3,33,340
779,2023-02-26,377,4,16,377
780,2023-02-26,344,6,41,344
782,2023-02-26,398,4,21,398
783,2023-02-26,8,2,43,8
785,2023-02-27,247,2,6,247
786,2023-02-27,44,6,33,44
787,2023-02-27,396,2,45,396
792,2023-02-27,11,5,8,11
794,2023-02-27,19,6,41,19
795,2023-02-27,436,2,22,436
796,2023-02-27,124,2,49,124
797,2023-02-27,236,3,35,236
798,2023-02-28,286,6,43,286
801,2023-02-28,103,1,27,103
803,2023-02-28,316,2,40,316
805,2023-02-28,65,5,26,65
809,2023-02-28,237,4,35,237
810,2023-02-28,239,3,37,239
812,2023-02-28,21,3,39,21
820,2023-03-01,459,6,9,459
823,2023-03-01,237,4,40,237
824,2023-03-01,291,1,11,291
825,2023-03-01,4,5,16,4
826,2023-03-01,109,4,17,109
827,2023-03-01,170,3,33,170
830,2023-03-01,356,3,8,356
833,2023-03-02,252,3,32,252
836,2023-03-02,84,3,40,84
838,2023-03-02,3,3,6,3
840,2023-03-02,28,3,38,28
842,2023-03-02,323,5,36,323
846,2023-03-03,159,5,28,159
849,2023-03-03,41,4,25,41
852,2023-03-03,3,3,11,3
855,2023-03-03,486,6,21,486
858,2023-03-03,430,5,49,430
859,2023-03-03,253,2,37,253
861,2023-03-04,12,3,22,12
862,2023-03-04,321,3,47,321
865,2023-03-04,361,5,26,361
869,2023-03-04,392,6,41,392
871,2023-03-04,438,1,19,438
872,2023-03-04,98,1,49,98
873,2023-03-04,98,2,41,98
875,2023-03-04,147,5,9,147
876,2023-03-05,262,2,8,262
879,2023-03-05,414,2,33,414
883,2023-03-05,371,1,2,371
884,2023-03-05,216,2,9,216
885,2023-03-05,420,2,4,420
888,2023-03-06,411,1,19,411
889,2023-03-06,9,5,30,9
890,2023-03-06,172,6,5,172
891,2023-03-06,376,6,36,376
895,2023-03-06,232,5,18,232
898,2023-03-07,461,2,16,461
899,2023-03-07,96,5,21,96
900,2023-03-07,137,2,29,137
903,2023-03-07,93,5,16,93
904,2023-03-07,479,6,10,479
906,2023-03-08,411,3,1,411
915,2023-03-08,76,2,33,76
917,2023-03-08,358,5,17,358
918,2023-03-08,264,2,46,264
919,2023-03-08,128,3,33,128
920,2023-03-08,454,5,44,454
923,2023-03-09,199,1,12,199
925,2023-03-09,144,3,1,144
926,2023-03-09,312,1,14,312
928,2023-03-09,34,3,5,34
929,2023-03-09,178,3,15,178
930,2023-03-10,245,4,26,245
932,2023-03-10,180,3,29,180
934,2023-03-10,148,6,42,148
936,2023-03-10,225,4,8,225
939,2023-03-10,305,6,1,305
940,2023-03-10,186,1,33,186
943,2023-03-10,352,2,28,352
944,2023-03-10,416,5,4,416
946,2023-03-11,32,1,25,32
949,2023-03-11,340,6,19,340
950,2023-03-11,429,4,21,429
952,2023-03-11,474,3,14,474
954,2023-03-11,220,2,19,220
956,2023-03-11,428,5,26,428
957,2023-03-11,198,3,2,198
958,2023-03-11,235,6,40,235
959,2023-03-11,391,2,23,391
961,2023-03-12,158,2,30,158
962,2023-03-12,146,1,11,146
964,2023-03-12,345,3,15,345
965,2023-03-12,116,3,38,116
968,2023-03-12,475,5,13,475
969,2023-03-12,149,3,19,149
970,2023-03-12,372,5,30,372
971,2023-03-12,473,1,14,473
975,2023-03-12,476,5,8,476
977,2023-03-13,346,4,15,346
978,2023-03-13,242,3,49,242
979,2023-03-13,381,2,38,381
983,2023-03-13,180,1,15,180
984,2023-03-13,32,1,32,32
985,2023-03-13,47,4,16,47
989,2023-03-13,354,1,10,354
990,2023-03-13,77,5,6,77
992,2023-03-14,269,4,41,269
993,2023-03-14,285,6,9,285
994,2023-03-14,376,3,32,376
995,2023-03-14,234,5,42,234
996,2023-03-14,363,5,19,363
1000,2023-03-14,408,4,24,408
1002,2023-03-14,191,4,37,191
1003,2023-03-14,369,3,4,369
1005,2023-03-15,53,1,30,53
1008,2023-03-15,312,2,6,312
1009,2023-03-15,345,6,28,345
1010,2023-03-15,157,2,48,157
1012,2023-03-15,374,4,24,374
1013,2023-03-15,425,3,3,425
1014,2023-03-15,240,5,48,240
1018,2023-03-15,329,2,4,329
1019,2023-03-15,248,6,29,248
1020,2023-03-15,207,6,24,207
1021,2023-03-15,231,5,41,231
1022,2023-03-15,214,1,4,214
1023,2023-03-15,29,1,6,29
1024,2023-03-15,491,5,5,491
1026,2023-03-16,30,1,28,30
1027,2023-03-16,434,6,23,434
1029,2023-03-16,351,4,9,351
1030,2023-03-16,86,4,31,86
1032,2023-03-16,469,1,15,469
1033,2023-03-16,247,6,50,247
1036,2023-03-16,109,5,7,109
1037,2023-03-16,213,2,20,213
1039,2023-03-17,275,6,35,275
1041,2023-03-17,367,4,32,367
1042,2023-03-17,133,3,49,133
1043,2023-03-17,213,1,7,213
1044,2023-03-17,427,5,7,427
1046,2023-03-17,107,2,3,107
1047,2023-03-17,428,2,41,428
1049,2023-03-17,100,2,20,100
1050,2023-03-17,158,4,45,158
1051,2023-03-17,443,3,29,443
1055,2023-03-17,101,5,5,101
1056,2023-03-17,261,6,40,261
1057,2023-03-18,16,5,42,16
1060,2023-03-18,294,6,5,294
1061,2023-03-18,272,5,32,272
1063,2023-03-18,355,5,22,355
1064,2023-03-18,22,1,17,22
1066,2023-03-18,316,6,45,316
1069,2023-03-18,494,5,10,494
1070,2023-03-18,243,1,11,243
1072,2023-03-18,251,6,29,251
1074,2023-03-19,352,2,3,352
1075,2023-03-19,466,1,2,466
1079,2023-03-19,441,3,33,441
1085,2023-03-20,162,2,48,162
1086,2023-03-20,443,6,13,443
1087,2023-03-20,374,5,33,374
1089,2023-03-20,128,2,15,128
1090,2023-03-20,110,1,9,110
1092,2023-03-20,136,6,18,136
1093,2023-03-20,332,1,14,332
1094,2023-03-20,308,5,32,308
1095,2023-03-20,29,3,34,29
1097,2023-03-20,312,2,43,312
1100,2023-03-20,237,6,14,237
1101,2023-03-21,15,1,18,15
1102,2023-03-21,190,2,17,190
1104,2023-03-21,136,2,2,136
1106,2023-03-21,262,6,31,262
1108,2023-03-21,298,5,39,298
1109,2023-03-21,451,6,20,451
1110,2023-03-21,177,3,33,177
1111,2023-03-21,418,6,15,418
1113,2023-03-21,117,5,21,117
1114,2023-03-22,129,2,14,129
1115,2023-03-22,361,6,26,361
1116,2023-03-22,55,1,47,55
1118,2023-03-22,117,5,11,117
1120,2023-03-22,198,1,10,198
1122,2023-03-22,493,1,34,493
1124,2023-03-22,70,1,4,70
1126,2023-03-22,119,5,4,119
1127,2023-03-22,291,3,41,291
1128,2023-03-22,344,4,20,344
1129,2023-03-22,28,4,38,28
1130,2023-03-23,233,2,14,233
1131,2023-03-23,324,5,40,324
1133,2023-03-23,358,5,41,358
1134,2023-03-23,417,1,29,417
1137,2023-03-23,436,1,37,436
1138,2023-03-23,414,5,43,414
1139,2023-03-23,405,2,41,405
1141,2023-03-23,27,6,2,27
1142,2023-03-24,83,4,34,83
1143,2023-03-24,9,2,49,9
1148,2023-03-24,132,2,17,132
1149,2023-03-24,22,5,49,22
1150,2023-03-24,51,6,41,51
1152,2023-03-24,397,6,24,397
1155,2023-03-24,328,1,43,328
1156,2023-03-24,228,4,45,228
1158,2023-03-25,299,2,23,299
1161,2023-03-25,337,1,36,337
1164,2023-03-25,282,6,19,282
1165,2023-03-25,5,6,8,5
1166,2023-03-25,446,6,20,446
1168,2023-03-25,424,3,24,424
1169,2023-03-25,343,6,41,343
1170,2023-03-25,445,2,31,445
1175,2023-03-26,486,2,10,486
1176,2023-03-26,242,2,4,242
1177,2023-03-26,261,4,48,261
1178,2023-03-26,285,6,37,285
1179,2023-03-26,409,6,39,409
1180,2023-03-26,241,4,49,241
1182,2023-03-26,106,3,45,106
1186,2023-03-26,270,4,19,270
1187,2023-03-27,297,5,26,297
1188,2023-03-27,167,1,49,167
1189,2023-03-27,319,3,36,319
1191,2023-03-27,3,4,16,3
1192,2023-03-27,96,5,14,96
1195,2023-03-27,205,6,13,205
1196,2023-03-27,333,2,18,333
1197,2023-03-27,33,4,22,33
1199,2023-03-27,143,6,43,143
1201,2023-03-28,336,2,35,336
1202,2023-03-28,90,3,25,90
1203,2023-03-28,292,2,25,292
1205,2023-03-28,494,3,10,494
1206,2023-03-28,229,1,16,229
1208,2023-03-28,159,2,17,159
1213,2023-03-28,445,2,50,445
1220,2023-03-29,169,4,4,169
1221,2023-03-29,334,4,28,334
1222,2023-03-29,330,3,41,330
1225,2023-03-29,187,2,12,187
1226,2023-03-29,326,4,36,326
1227,2023-03-29,259,1,17,259
1230,2023-03-29,455,5,41,455
1231,2023-03-30,139,5,1,139
1232,2023-03-30,93,3,37,93
1233,2023-03-30,67,3,29,67
1235,2023-03-30,231,1,12,231
1236,2023-03-30,468,2,27,468
1237,2023-03-30,144,2,6,144
1238,2023-03-30,341,4,10,341
1240,2023-03-30,290,5,49,290
1242,2023-03-30,294,5,7,294
1243,2023-03-30,401,3,20,401
1245,2023-03-30,116,1,30,116
1247,2023-03-30,78,2,3,78
1248,2023-03-30,102,4,15,102
1249,2023-03-31,496,2,6,496
1253,2023-03-31,469,5,50,469
1254,2023-03-31,190,6,37,190
1258,2023-03-31,267,5,42,267
1260,2023-03-31,48,4,40,48
1262,2023-03-31,400,6,35,400
1266,2023-04-01,246,1,24,246
1269,2023-04-01,343,3,1,343
1270,2023-04-01,88,2,39,88
1274,2023-04-01,391,5,20,391
1275,2023-04-01,19,2,21,19
1276,2023-04-01,472,6,23,472
1279,2023-04-02,107,6,31,107
1283,2023-04-02,307,5,46,307
1284,2023-04-02,415,5,45,415
1287,2023-04-02,7,1,6,7
1288,2023-04-02,90,3,30,90
1291,2023-04-02,57,2,22,57
1294,2023-04-03,213,4,23,213
1295,2023-04-03,483,1,26,483
1298,2023-04-03,218,6,27,218
1300,2023-04-03,414,4,42,414
1301,2023-04-03,378,6,9,378
1303,2023-04-03,263,6,42,263
1305,2023-04-03,238,3,14,238
1306,2023-04-03,162,6,7,162
1307,2023-04-03,332,1,48,332
1309,2023-04-03,293,1,23,293
1310,2023-04-04,163,2,47,163
1312,2023-04-04,260,3,35,260
1313,2023-04-04,352,3,44,352
1314,2023-04-04,204,1,19,204
1318,2023-04-05,278,1,6,278
1319,2023-04-05,187,6,2,187
1320,2023-04-05,462,6,35,462
1321,2023-04-05,407,2,8,407
1323,2023-04-05,44,4,35,44
1324,2023-04-05,10,5,41,10
1325,2023-04-05,205,1,47,205
1327,2023-04-05,91,1,19,91
1330,2023-04-05,162,5,18,162
1331,2023-04-05,59,1,43,59
1333,2023-04-06,94,3,27,94
1337,2023-04-06,492,3,25,492
1339,2023-04-06,111,3,37,111
1341,2023-04-06,77,4,34,77
1342,2023-04-06,78,4,17,78
1344,2023-04-06,108,4,14,108
1345,2023-04-07,244,5,19,244
1348,2023-04-07,231,1,25,231
1356,2023-04-07,447,4,28,447
1358,2023-04-07,315,4,4,315
1359,2023-04-08,244,5,50,244
1360,2023-04-08,268,6,25,268
1362,2023-04-08,451,1,33,451
1365,2023-04-08,169,4,27,169
1368,2023-04-08,230,1,6,230
1370,2023-04-09,70,5,1,70
1371,2023-04-09,411,4,5,411
1374,2023-04-09,327,5,42,327
1376,2023-04-09,46,1,42,46
1377,2023-04-09,61,5,47,61
1379,2023-04-09,393,5,46,393
1387,2023-04-09,76,4,1,76
1388,2023-04-09,468,3,6,468
1390,2023-04-09,487,6,5,487
1391,2023-04-09,319,4,25,319
1397,2023-04-10,498,5,40,498
1399,2023-04-10,149,6,21,149
1401,2023-04-10,488,5,36,488
1408,2023-04-11,441,6,6,441
1409,2023-04-11,120,5,5,120
1411,2023-04-11,192,4,29,192
1412,2023-04-11,242,2,43,242
1413,2023-04-11,295,5,11,295
1415,2023-04-11,421,5,12,421
1416,2023-04-11,257,5,8,257
1417,2023-04-11,377,4,30,377
1419,2023-04-11,51,3,7,51
1420,2023-04-11,404,4,31,404
1422,2023-04-11,48,6,23,48
1423,2023-04-11,238,2,30,238
1425,2023-04-11,13,6,21,13
1426,2023-04-11,81,6,16,81
1428,2023-04-11,409,1,40,409
1429,2023-04-11,52,5,24,52
1433,2023-04-12,500,1,24,500
1434,2023-04-12,112,4,29,112
1437,2023-04-12,252,5,11,252
1438,2023-04-12,287,4,35,287
1445,2023-04-13,296,5,24,296
1447,2023-04-13,47,2,44,47
1449,2023-04-13,126,4,16,126
1450,2023-04-13,99,6,24,99
1451,2023-04-13,498,6,31,498
1452,2023-04-13,466,4,42,466
1453,2023-04-13,454,5,13,454
1454,2023-04-13,65,5,23,65
1457,2023-04-14,496,4,3,496
1458,2023-04-14,243,1,27,243
1459,2023-04-14,123,3,39,123
1460,2023-04-14,306,5,31,306
1463,2023-04-14,90,4,50,90
1464,2023-04-14,326,6,26,326
1467,2023-04-15,370,2,32,370
1470,2023-04-15,457,1,49,457
1471,2023-04-15,263,4,27,263
1472,2023-04-15,96,3,31,96
1473,2023-04-15,318,6,24,318
1477,2023-04-15,61,2,11,61
1480,2023-04-15,227,1,4,227
1483,2023-04-16,234,1,4,234
1485,2023-04-16,193,6,11,193
1486,2023-04-16,336,2,18,336
1487,2023-04-16,393,3,7,393
1488,2023-04-16,40,3,46,40
1491,2023-04-16,267,1,7,267
1494,2023-04-16,286,6,5,286
1498,2023-04-17,246,5,14,246
1501,2023-04-17,417,2,46,417
1503,2023-04-17,432,5,3,432
1504,2023-04-18,388,3,31,388
1505,2023-04-18,93,3,29,93
1509,2023-04-18,172,4,41,172
1510,2023-04-18,148,5,10,148
1512,2023-04-18,65,3,45,65
1513,2023-04-18,209,3,34,209
1515,2023-04-18,370,2,28,370
1516,2023-04-18,184,1,35,184
1523,2023-04-19,455,5,8,455
1526,2023-04-19,473,4,37,473
1527,2023-04-19,77,2,11,77
1533,2023-04-20,243,1,3,243
1534,2023-04-20,296,5,45,296
1538,2023-04-20,193,3,13,193
1544,2023-04-21,458,2,39,458
1549,2023-04-21,370,6,41,370
1550,2023-04-21,425,4,3,425
1551,2023-04-22,330,4,12,330
1553,2023-04-22,10,5,22,10
1556,2023-04-22,201,6,14,201
1557,2023-04-22,73,2,8,73
1559,2023-04-23,72,2,35,72
1561,2023-04-23,316,5,48,316
1566,2023-04-23,202,4,44,202
1567,2023-04-23,200,6,33,200
1568,2023-04-24,339,4,31,339
1569,2023-04-24,425,2,43,425
1571,2023-04-24,213,2,16,213
1572,2023-04-24,297,1,35,297
1573,2023-04-24,55,4,43,55
1574,2023-04-24,306,1,29,306
1575,2023-04-24,5,4,27,5
1576,2023-04-24,28,4,31,28
1581,2023-04-24,343,3,5,343
1583,2023-04-25,204,4,27,204
1584,2023-04-25,259,2,24,259
1585,2023-04-25,89,4,33,89
1586,2023-04-25,103,6,12,103
1587,2023-04-25,435,5,50,435
1588,2023-04-25,484,2,3,484
1590,2023-04-25,338,3,4,338
1591,2023-04-25,203,5,11,203
1593,2023-04-25,56,2,44,56
1595,2023-04-25,345,6,32,345
1596,2023-04-25,5,2,7,5
1597,2023-04-25,208,6,22,208
1598,2023-04-25,370,3,40,370
1601,2023-04-25,59,5,42,59
1603,2023-04-26,389,1,22,389
1606,2023-04-26,254,1,15,254
1608,2023-04-26,348,5,27,348
1609,2023-04-26,104,1,3,104
1611,2023-04-26,356,5,6,356
1615,2023-04-27,74,4,20,74
1617,2023-04-27,427,2,3,427
1619,2023-04-27,492,6,37,492
1621,2023-04-27,411,5,30,411
1626,2023-04-28,373,6,6,373
1628,2023-04-28,246,5,8,246
1629,2023-04-28,395,1,50,395
1631,2023-04-28,35,4,41,35
1632,2023-04-28,5,6,2,5
1633,2023-04-28,117,5,39,117
1634,2023-04-28,304,3,16,304
1635,2023-04-28,286,4,35,286
1639,2023-04-29,192,6,23,192
1640,2023-04-29,75,5,33,75
1641,2023-04-29,1,3,42,1
1644,2023-04-29,334,6,38,334
1647,2023-04-29,405,4,28,405
1649,2023-04-29,107,4,18,107
1651,2023-04-29,7,4,18,7
1652,2023-04-29,207,1,4,207
1654,2023-04-30,148,6,21,148
1655,2023-04-30,23,2,2,23
1656,2023-04-30,268,2,42,268
1658,2023-04-30,210,1,28,210
1661,2023-04-30,441,3,49,441
1663,2023-04-30,155,3,9,155
1664,2023-04-30,182,4,13,182
1667,2023-04-30,204,1,3,204
1668,2023-04-30,397,2,49,397
1670,2023-05-01,48,3,39,48
1671,2023-05-01,253,5,10,253
1672,2023-05-01,204,2,31,204
1677,2023-05-01,184,6,45,184
1678,2023-05-01,61,4,21,61
1682,2023-05-02,470,1,20,470
1683,2023-05-02,394,5,40,394
1685,2023-05-02,259,3,13,259
1686,2023-05-02,471,3,23,471
1687,2023-05-02,226,1,1,226
1688,2023-05-02,455,1,6,455
1690,2023-05-03,115,4,9,115
1691,2023-05-03,299,4,23,299
1693,2023-05-03,239,2,42,239
1694,2023-05-03,51,3,49,51
1695,2023-05-03,359,5,10,359
1696,2023-05-03,291,2,18,291
1697,2023-05-03,338,5,2,338
1698,2023-05-03,311,2,39,311
1702,2023-05-03,209,3,15,209
1709,2023-05-04,326,2,32,326
1712,2023-05-04,344,2,11,344
1715,2023-05-05,314,3,14,314
1716,2023-05-05,498,6,41,498
1722,2023-05-05,12,3,38,12
1723,2023-05-05,475,4,40,475
1725,2023-05-05,438,3,17,438
1728,2023-05-06,311,6,22,311
1732,2023-05-06,408,1,29,408
1734,2023-05-06,393,2,26,393
1736,2023-05-06,75,6,24,75
1737,2023-05-06,397,2,46,397
1740,2023-05-06,1,4,9,1
1742,2023-05-07,361,2,14,361
1743,2023-05-07,373,5,38,373
1745,2023-05-07,52,1,1,52
1747,2023-05-07,151,2,35,151
1749,2023-05-07,266,4,21,266
1750,2023-05-07,367,3,30,367
1756,2023-05-08,137,5,14,137
1758,2023-05-08,206,2,48,206
1760,2023-05-08,202,1,34,202
1761,2023-05-08,428,2,47,428
1762,2023-05-08,426,2,22,426
1763,2023-05-08,392,3,5,392
1764,2023-05-08,185,3,37,185
1765,2023-05-08,324,1,11,324
1766,2023-05-08,104,1,42,104
1767,2023-05-08,294,3,50,294
1769,2023-05-08,101,5,35,101
1770,2023-05-08,199,5,14,199
1771,2023-05-09,491,4,34,491
1774,2023-05-09,10,3,13,10
1775,2023-05-09,63,1,5,63
1776,2023-05-09,310,5,43,310
1779,2023-05-09,338,3,6,338
1781,2023-05-10,347,1,12,347
1784,2023-05-10,348,6,5,348
1785,2023-05-10,341,4,25,341
1786,2023-05-10,383,5,6,383
1787,2023-05-10,398,3,27,398
1788,2023-05-10,130,2,35,130
1789,2023-05-10,467,5,39,467
1790,2023-05-10,376,5,37,376
1795,2023-05-11,210,2,41,210
1798,2023-05-11,367,6,31,367
1799,2023-05-11,367,4,29,367
1801,2023-05-11,36,1,3,36
1808,2023-05-12,387,1,46,387
1809,2023-05-12,55,6,43,55
1811,2023-05-12,482,6,48,482
1812,2023-05-12,22,3,46,22
1815,2023-05-12,265,6,16,265
1817,2023-05-12,261,6,32,261
1818,2023-05-12,4,2,33,4
1819,2023-05-12,4,6,29,4
1820,2023-05-12,346,5,5,346
1821,2023-05-12,88,6,18,88
1822,2023-05-13,38,5,23,38
1823,2023-05-13,124,6,5,124
1825,2023-05-13,297,5,19,297
1829,2023-05-13,278,3,26,278
1830,2023-05-13,181,1,47,181
1831,2023-05-13,161,6,20,161
1832,2023-05-13,411,3,12,411
1833,2023-05-13,425,4,6,425
1834,2023-05-13,110,4,34,110
1837,2023-05-14,493,1,24,493
1839,2023-05-14,486,3,46,486
1841,2023-05-14,278,1,19,278
1844,2023-05-14,381,6,27,381
1847,2023-05-14,464,4,6,464
1848,2023-05-15,437,4,23,437
1852,2023-05-15,286,5,50,286
1853,2023-05-15,198,3,22,198
1856,2023-05-15,183,6,21,183
1858,2023-05-16,468,6,46,468
1862,2023-05-16,197,3,25,197
1863,2023-05-16,296,6,3,296
1866,2023-05-16,361,1,12,361
1867,2023-05-16,17,4,36,17
1868,2023-05-17,324,6,7,324
1869,2023-05-17,61,4,45,61
1870,2023-05-17,260,1,23,260
1871,2023-05-17,249,4,6,249
1874,2023-05-17,462,6,49,462
1875,2023-05-17,398,5,41,398
1878,2023-05-17,145,3,13,145
1879,2023-05-17,85,3,38,85
1881,2023-05-18,221,4,50,221
1882,2023-05-18,40,6,19,40
1884,2023-05-18,122,5,47,122
1885,2023-05-18,168,2,32,168
1886,2023-05-18,390,3,14,390
1887,2023-05-18,174,5,4,174
1889,2023-05-18,250,3,19,250
1891,2023-05-18,54,3,29,54
1892,2023-05-18,458,3,32,458
1894,2023-05-18,442,3,23,442
1895,2023-05-18,153,6,35,153
1899,2023-05-19,39,5,5,39
1901,2023-05-19,232,6,49,232
1902,2023-05-19,326,5,33,326
1904,2023-05-19,342,4,7,342
1905,2023-05-19,436,3,2,436
1906,2023-05-19,331,3,34,331
1908,2023-05-19,277,5,20,277
1909,2023-05-19,350,6,43,350
1911,2023-05-19,135,6,2,135
1912,2023-05-19,477,6,4,477
1914,2023-05-20,330,1,11,330
1916,2023-05-20,209,2,27,209
1917,2023-05-20,400,4,23,400
1918,2023-05-20,267,6,48,267
1922,2023-05-20,269,1,20,269
1924,2023-05-21,350,5,16,350
1926,2023-05-21,238,2,4,238
1927,2023-05-21,192,3,50,192
1929,2023-05-21,98,5,5,98
1930,2023-05-21,35,2,34,35
1931,2023-05-21,61,4,13,61
1935,2023-05-21,436,5,27,436
1937,2023-05-21,19,5,47,19
1939,2023-05-21,86,2,18,86
1942,2023-05-21,298,5,36,298
1944,2023-05-22,457,2,9,457
1947,2023-05-22,452,4,20,452
1948,2023-05-22,47,2,36,47
1949,2023-05-22,354,5,7,354
1950,2023-05-22,75,1,38,75
1951,2023-05-23,368,5,48,368
1952,2023-05-23,77,5,49,77
1954,2023-05-23,117,4,26,117
1955,2023-05-23,329,4,21,329
1962,2023-05-23,294,5,11,294
1967,2023-05-24,298,5,8,298
1968,2023-05-24,336,6,5,336
1969,2023-05-24,494,2,15,494
1970,2023-05-24,189,6,44,189
1971,2023-05-24,146,4,19,146
1973,2023-05-24,423,6,36,423
1976,2023-05-24,389,6,23,389
1978,2023-05-24,446,3,8,446
1979,2023-05-24,51,2,1,51
1982,2023-05-24,467,4,27,467
1983,2023-05-24,11,6,46,11
1985,2023-05-24,425,2,9,425
1986,2023-05-24,239,3,26,239
1988,2023-05-25,153,5,39,153
1991,2023-05-25,233,5,36,233
1992,2023-05-25,135,6,50,135
1995,2023-05-25,417,1,50,417
1996,2023-05-25,397,4,25,397
1997,2023-05-26,338,4,29,338
1999,2023-05-26,179,5,48,179
2000,2023-05-26,336,6,44,336
2001,2023-05-26,455,1,33,455
2002,2023-05-26,447,5,50,447
2005,2023-05-26,177,3,2,177
2007,2023-05-26,468,4,40,468
2011,2023-05-26,134,6,45,134
2015,2023-05-26,425,6,46,425
2018,2023-05-27,228,5,40,228
2019,2023-05-27,210,6,39,210
2021,2023-05-28,440,5,1,440
2023,2023-05-28,300,4,10,300
2024,2023-05-28,207,3,44,207
2025,2023-05-28,390,1,30,390
2028,2023-05-28,425,4,30,425
2029,2023-05-28,277,4,39,277
2031,2023-05-28,277,4,49,277
2032,2023-05-29,23,1,12,23
2034,2023-05-29,197,2,6,197
2035,2023-05-29,449,1,2,449
2036,2023-05-29,423,1,19,423
2039,2023-05-29,192,2,27,192
2040,2023-05-29,37,6,24,37
2044,2023-05-30,213,4,18,213
2045,2023-05-30,224,6,18,224
2046,2023-05-30,405,6,37,405
2047,2023-05-30,438,1,7,438
2048,2023-05-30,164,1,42,164
2050,2023-05-30,481,4,47,481
2051,2023-05-30,332,2,31,332
2053,2023-05-30,27,2,25,27
2054,2023-05-30,426,6,25,426
2055,2023-05-30,391,4,49,391
2056,2023-05-30,388,5,13,388
2057,2023-05-30,221,6,14,221
2058,2023-05-30,81,3,49,81
2059,2023-05-31,356,5,39,356
2063,2023-05-31,61,5,37,61
2064,2023-05-31,127,1,44,127
2066,2023-05-31,455,6,37,455
2069,2023-06-01,293,2,4,293
2071,2023-06-01,265,5,9,265
2073,2023-06-01,391,1,27,391
2075,2023-06-01,86,4,16,86
2076,2023-06-01,177,4,1,177
2077,2023-06-01,315,2,16,315
2081,2023-06-02,346,2,33,346
2084,2023-06-02,376,3,41,376
2085,2023-06-02,435,4,12,435
2087,2023-06-02,68,6,28,68
2088,2023-06-02,115,3,6,115
2090,2023-06-02,48,2,48,48
2093,2023-06-02,31,5,19,31
2095,2023-06-02,289,5,40,289
2097,2023-06-02,98,2,28,98
2098,2023-06-02,494,3,26,494
2104,2023-06-03,487,2,24,487
2105,2023-06-03,217,1,25,217
2109,2023-06-03,492,4,23,492
2112,2023-06-03,137,1,18,137
2114,2023-06-04,303,1,50,303
2119,2023-06-04,464,4,36,464
2120,2023-06-04,226,6,15,226
2127,2023-06-04,390,2,7,390
2128,2023-06-04,496,3,36,496
2130,2023-06-05,25,1,21,25
2131,2023-06-05,176,4,36,176
2132,2023-06-05,316,5,23,316
2134,2023-06-05,190,1,35,190
2137,2023-06-05,304,6,40,304
2139,2023-06-05,450,5,10,450
2140,2023-06-05,102,2,7,102
2141,2023-06-05,182,3,33,182
2142,2023-06-05,218,3,1,218
2143,2023-06-05,126,1,13,126
2144,2023-06-06,153,1,41,153
2146,2023-06-06,107,1,20,107
2149,2023-06-06,407,1,14,407
2150,2023-06-06,269,1,2,269
2152,2023-06-07,185,4,11,185
2153,2023-06-07,269,3,7,269
2154,2023-06-07,371,1,22,371
2155,2023-06-07,270,5,30,270
2159,2023-06-07,398,3,5,398
2161,2023-06-07,282,1,30,282
2162,2023-06-07,30,5,40,30
2164,2023-06-08,153,6,44,153
2165,2023-06-08,414,3,28,414
2166,2023-06-08,216,1,49,216
2167,2023-06-08,198,5,18,198
2169,2023-06-08,27,2,4,27
2171,2023-06-08,295,3,39,295
2173,2023-06-08,431,2,36,431
2175,2023-06-08,49,5,25,49
2178,2023-06-09,180,5,2,180
2179,2023-06-09,218,5,35,218
2180,2023-06-09,328,5,23,328
2182,2023-06-09,153,6,49,153
2183,2023-06-10,299,4,23,299
2185,2023-06-10,230,3,45,230
2186,2023-06-10,176,1,5,176
2188,2023-06-10,309,5,17,309
2189,2023-06-10,300,1,11,300
2190,2023-06-10,448,3,46,448
2194,2023-06-10,265,4,25,265
2196,2023-06-10,94,1,12,94
2198,2023-06-11,278,6,18,278
2201,2023-06-11,245,1,15,245
2202,2023-06-11,491,6,14,491
2204,2023-06-11,484,2,4,484
2205,2023-06-11,50,2,43,50
2206,2023-06-11,421,2,18,421
2207,2023-06-11,307,4,33,307
2209,2023-06-11,106,1,3,106
2212,2023-06-11,356,1,12,356
2213,2023-06-11,202,5,7,202
2216,2023-06-12,224,3,10,224
2217,2023-06-12,40,3,39,40
2219,2023-06-12,470,6,13,470
2222,2023-06-12,464,6,3,464
2223,2023-06-12,445,5,27,445
2225,2023-06-12,431,5,10,431
2226,2023-06-13,66,5,5,66
2228,2023-06-13,277,6,39,277
2229,2023-06-13,445,1,15,445
2232,2023-06-13,121,4,27,121
2235,2023-06-13,134,2,27,134
2239,2023-06-13,445,2,48,445
2240,2023-06-13,417,3,50,417
2241,2023-06-13,284,4,47,284
2242,2023-06-13,89,2,22,89
2243,2023-06-13,125,4,25,125
2244,2023-06-13,166,5,5,166
2245,2023-06-14,277,4,48,277
2246,2023-06-14,286,3,13,286
2248,2023-06-14,133,4,14,133
2249,2023-06-14,250,6,1,250
2255,2023-06-14,420,2,46,420
2259,2023-06-15,310,2,12,310
2260,2023-06-15,48,5,50,48
2261,2023-06-15,398,4,32,398
2262,2023-06-15,234,6,24,234
2266,2023-06-15,311,5,29,311
2268,2023-06-15,112,5,43,112
2270,2023-06-15,50,5,41,50
2271,2023-06-15,81,5,9,81
2273,2023-06-16,432,1,28,432
2279,2023-06-16,142,2,29,142
2280,2023-06-16,343,6,24,343
2281,2023-06-16,326,2,23,326
2283,2023-06-16,268,4,46,268
2285,2023-06-16,240,4,36,240
2292,2023-06-16,184,4,41,184
2295,2023-06-17,211,1,45,211
2297,2023-06-17,91,3,27,91
2299,2023-06-17,275,2,19,275
2302,2023-06-17,86,6,15,86
2303,2023-06-17,257,3,35,257
2307,2023-06-17,170,2,12,170
2310,2023-06-17,156,2,43,156
2311,2023-06-18,257,1,33,257
2314,2023-06-18,118,6,43,118
2319,2023-06-18,61,4,2,61
2326,2023-06-19,337,4,42,337
2327,2023-06-19,255,2,45,255
2328,2023-06-19,235,6,17,235
2329,2023-06-19,308,1,26,308
2332,2023-06-19,237,6,41,237
2333,2023-06-19,291,2,11,291
2334,2023-06-19,448,6,35,448
2336,2023-06-19,69,6,24,69
2337,2023-06-19,275,4,44,275
2338,2023-06-19,244,1,20,244
2339,2023-06-20,115,4,47,115
2342,2023-06-20,331,5,38,331
2346,2023-06-20,374,4,37,374
2347,2023-06-20,253,4,27,253
2349,2023-06-20,202,6,46,202
2351,2023-06-21,167,1,1,167
2352,2023-06-21,243,5,25,243
2354,2023-06-21,473,4,27,473
2356,2023-06-21,474,5,44,474
2357,2023-06-21,221,5,16,221
2360,2023-06-21,14,4,5,14
2362,2023-06-22,283,3,19,283
2363,2023-06-22,407,1,8,407
2364,2023-06-22,188,4,36,188
2366,2023-06-22,456,6,25,456
2368,2023-06-22,85,6,23,85
2369,2023-06-22,47,1,46,47
2371,2023-06-22,140,1,2,140
2373,2023-06-23,422,6,3,422
2374,2023-06-23,145,3,1,145
2375,2023-06-23,289,5,18,289
2379,2023-06-23,298,5,6,298
2380,2023-06-23,341,3,21,341
2382,2023-06-24,213,6,28,213
2383,2023-06-24,258,3,49,258
2385,2023-06-24,315,1,19,315
2386,2023-06-24,316,6,26,316
2388,2023-06-25,238,2,19,238
2391,2023-06-25,465,5,24,465
2392,2023-06-25,498,6,12,498
2395,2023-06-25,338,6,7,338
2401,2023-06-25,295,6,2,295
2404,2023-06-26,302,4,35,302
2408,2023-06-26,437,4,2,437
2411,2023-06-26,273,6,22,273
2412,2023-06-26,113,5,30,113
2413,2023-06-26,446,4,46,446
2415,2023-06-26,44,1,21,44
2416,2023-06-26,13,3,36,13
2420,2023-06-26,183,4,17,183
2422,2023-06-27,244,1,21,244
2423,2023-06-27,257,2,5,257
2424,2023-06-27,92,4,24,92
2425,2023-06-27,72,1,50,72
2432,2023-06-27,112,2,50,112
2433,2023-06-27,52,3,6,52
2437,2023-06-27,453,1,35,453
2438,2023-06-27,66,4,19,66
2439,2023-06-28,28,1,30,28
2440,2023-06-28,121,6,31,121
2441,2023-06-28,429,2,20,429
2445,2023-06-28,119,6,18,119
2446,2023-06-28,108,6,17,108
2447,2023-06-28,184,1,4,184
2450,2023-06-28,414,1,8,414
2452,2023-06-29,449,1,40,449
2453,2023-06-29,61,5,5,61
2455,2023-06-29,495,6,42,495
2456,2023-06-29,439,4,24,439
2457,2023-06-30,138,6,29,138
2459,2023-06-30,143,6,17,143
2461,2023-06-30,189,4,5,189
2462,2023-06-30,393,3,26,393
2465,2023-06-30,190,6,36,190
2468,2023-06-30,443,3,34,443
2470,2023-07-01,402,3,49,402
2472,2023-07-01,360,2,13,360
2474,2023-07-01,486,1,13,486
2475,2023-07-01,150,6,41,150
2476,2023-07-01,462,1,46,462
2477,2023-07-01,122,2,30,122
2479,2023-07-01,117,6,25,117
2480,2023-07-01,358,1,11,358
2482,2023-07-02,323,2,50,323
2483,2023-07-02,85,5,32,85
2484,2023-07-02,400,1,29,400
2487,2023-07-02,403,5,19,403
2489,2023-07-02,183,3,27,183
2490,2023-07-02,172,5,11,172
2493,2023-07-02,385,4,31,385
2494,2023-07-02,360,5,35,360
2497,2023-07-02,201,3,43,201
2502,2023-07-03,359,1,20,359
2503,2023-07-03,248,4,23,248
2504,2023-07-03,395,2,6,395
2508,2023-07-03,68,4,39,68
2509,2023-07-03,245,1,31,245
2510,2023-07-03,180,4,7,180
2511,2023-07-03,399,3,42,399
2513,2023-07-03,296,2,24,296
2515,2023-07-04,149,4,15,149
2516,2023-07-04,422,1,43,422
2518,2023-07-04,85,5,4,85
2519,2023-07-04,210,2,50,210
2522,2023-07-04,239,1,21,239
2523,2023-07-04,238,5,31,238
2525,2023-07-04,304,5,31,304
2526,2023-07-05,207,5,41,207
2527,2023-07-05,343,4,22,343
2528,2023-07-05,393,1,30,393
2530,2023-07-05,274,1,46,274
2532,2023-07-05,63,6,15,63
2533,2023-07-05,497,2,8,497
2536,2023-07-05,205,5,17,205
2538,2023-07-06,266,3,13,266
2540,2023-07-06,464,5,29,464
2541,2023-07-06,76,4,9,76
2543,2023-07-06,353,5,25,353
2545,2023-07-06,162,2,9,162
2549,2023-07-06,427,4,47,427
2550,2023-07-06,396,2,35,396
2551,2023-07-06,413,2,26,413
2554,2023-07-06,316,6,34,316
2557,2023-07-06,122,1,30,122
2558,2023-07-07,190,2,24,190
2562,2023-07-07,384,4,22,384
2563,2023-07-07,423,2,30,423
2565,2023-07-07,67,6,40,67
2573,2023-07-07,81,5,50,81
2575,2023-07-08,157,1,33,157
2578,2023-07-08,250,2,29,250
2579,2023-07-08,30,6,37,30
2580,2023-07-08,77,5,23,77
2583,2023-07-08,252,2,45,252
2588,2023-07-08,393,3,22,393
2594,2023-07-08,172,2,12,172
2596,2023-07-09,139,2,29,139
2598,2023-07-09,210,5,10,210
2599,2023-07-09,156,3,11,156
2600,2023-07-09,240,4,31,240
2601,2023-07-09,484,4,43,484
2604,2023-07-09,116,4,1,116
2605,2023-07-10,478,3,21,478
2606,2023-07-10,281,6,27,281
2607,2023-07-10,159,4,46,159
2609,2023-07-10,163,6,11,163
2610,2023-07-10,440,2,15,440
2616,2023-07-10,12,5,37,12
2617,2023-07-11,35,5,40,35
2618,2023-07-11,397,1,6,397
2620,2023-07-11,143,1,1,143
2622,2023-07-11,156,4,10,156
2626,2023-07-11,116,3,36,116
2627,2023-07-11,14,1,7,14
2628,2023-07-12,3,5,4,3
2631,2023-07-12,384,5,12,384
2633,2023-07-12,180,2,14,180
2634,2023-07-12,288,1,9,288
2636,2023-07-12,289,2,27,289
2637,2023-07-12,133,6,1,133
2638,2023-07-12,369,6,21,369
2640,2023-07-13,84,1,9,84
2644,2023-07-13,314,4,25,314
2646,2023-07-13,114,2,28,114
2651,2023-07-13,377,3,23,377
2652,2023-07-13,122,4,49,122
2653,2023-07-14,339,1,3,339
2655,2023-07-14,362,1,15,362
2656,2023-07-14,264,6,43,264
2657,2023-07-14,46,6,44,46
2658,2023-07-14,319,3,36,319
2659,2023-07-14,358,4,32,358
2660,2023-07-14,200,1,38,200
2663,2023-07-14,119,2,14,119
2664,2023-07-14,317,5,30,317
2667,2023-07-15,424,1,6,424
2669,2023-07-15,179,4,47,179
2672,2023-07-15,491,3,24,491
2674,2023-07-15,76,2,39,76
2676,2023-07-15,364,4,10,364
2677,2023-07-15,430,3,48,430
2680,2023-07-16,493,2,28,493
2682,2023-07-16,489,6,48,489
2683,2023-07-16,170,5,12,170
2686,2023-07-16,120,6,37,120
2687,2023-07-17,383,4,31,383
2688,2023-07-17,31,5,37,31
2689,2023-07-17,114,3,10,114
2690,2023-07-17,181,4,6,181
2692,2023-07-17,93,6,46,93
2693,2023-07-17,324,3,13,324
2694,2023-07-17,222,1,30,222
2695,2023-07-17,87,3,7,87
2697,2023-07-17,269,3,35,269
2699,2023-07-17,124,5,1,124
2700,2023-07-17,245,6,33,245
2701,2023-07-17,192,2,35,192
2702,2023-07-17,432,5,33,432
2704,2023-07-17,475,3,41,475
2705,2023-07-17,419,5,26,419
2707,2023-07-18,78,1,35,78
2710,2023-07-18,113,5,36,113
2711,2023-07-18,257,4,10,257
2712,2023-07-18,76,2,11,76
2713,2023-07-18,53,6,28,53
2714,2023-07-18,403,2,40,403
2715,2023-07-18,103,1,25,103
2719,2023-07-18,12,6,32,12
2723,2023-07-19,435,2,13,435
2726,2023-07-19,253,5,49,253
2727,2023-07-19,421,5,1,421
2728,2023-07-19,382,2,14,382
2730,2023-07-19,446,1,23,446
2732,2023-07-19,464,3,33,464
2733,2023-07-19,357,2,35,357
2734,2023-07-19,25,5,49,25
2735,2023-07-19,153,5,20,153
2738,2023-07-20,498,5,31,498
2740,2023-07-20,9,2,50,9
2742,2023-07-20,72,5,9,72
2743,2023-07-20,74,4,6,74
2744,2023-07-20,36,2,31,36
2747,2023-07-20,73,2,39,73
2748,2023-07-20,70,4,32,70
2750,2023-07-20,148,3,39,148
2753,2023-07-20,135,4,36,135
2754,2023-07-20,67,6,23,67
2755,2023-07-21,211,6,36,211
2758,2023-07-21,101,3,3,101
2759,2023-07-21,419,1,41,419
2760,2023-07-21,29,6,45,29
2761,2023-07-21,408,2,5,408
2763,2023-07-21,55,1,26,55
2766,2023-07-21,167,1,39,167
2767,2023-07-21,92,3,10,92
2771,2023-07-21,428,5,42,428
2775,2023-07-22,16,2,4,16
2777,2023-07-22,118,5,44,118
2779,2023-07-22,307,5,18,307
2781,2023-07-22,496,5,4,496
2785,2023-07-22,238,1,46,238
2786,2023-07-22,59,6,36,59
2787,2023-07-22,206,1,42,206
2788,2023-07-22,53,2,7,53
2789,2023-07-22,149,5,18,149
2791,2023-07-22,310,4,32,310
2792,2023-07-22,359,5,7,359
2800,2023-07-23,124,4,1,124
2802,2023-07-23,91,1,20,91
2806,2023-07-23,464,1,37,464
2808,2023-07-23,459,6,33,459
2809,2023-07-23,476,5,10,476
2811,2023-07-23,489,6,27,489
2813,2023-07-24,24,2,34,24
2815,2023-07-24,313,3,42,313
2816,2023-07-24,349,5,41,349
2817,2023-07-24,83,5,10,83
2818,2023-07-24,106,4,8,106
2819,2023-07-24,225,4,1,225
2821,2023-07-24,408,4,9,408
2822,2023-07-24,12,4,1,12
2823,2023-07-24,8,2,22,8
2824,2023-07-24,221,5,15,221
2827,2023-07-24,436,2,49,436
2829,2023-07-25,442,4,25,442
2832,2023-07-25,57,5,15,57
2833,2023-07-25,42,6,13,42
2834,2023-07-25,204,5,38,204
2838,2023-07-26,256,3,34,256
2840,2023-07-26,59,6,8,59
2843,2023-07-26,253,4,12,253
2844,2023-07-26,419,2,36,419
2846,2023-07-26,173,5,43,173
2848,2023-07-26,435,3,4,435
2849,2023-07-26,252,5,24,252
2850,2023-07-26,241,3,48,241
2852,2023-07-26,435,4,20,435
2854,2023-07-27,480,6,8,480
2860,2023-07-27,469,6,11,469
2861,2023-07-27,295,1,38,295
2862,2023-07-27,266,6,47,266
2863,2023-07-27,140,2,17,140
2868,2023-07-28,392,1,5,392
2869,2023-07-28,436,1,28,436
2870,2023-07-28,198,5,33,198
2874,2023-07-28,102,4,50,102
2875,2023-07-28,325,3,36,325
2876,2023-07-28,464,5,4,464
2879,2023-07-29,46,2,29,46
2880,2023-07-29,450,3,2,450
2883,2023-07-29,421,5,35,421
2884,2023-07-29,214,3,40,214
2885,2023-07-29,389,1,30,389
2886,2023-07-29,248,2,27,248
2887,2023-07-29,54,2,7,54
2888,2023-07-29,364,5,10,364
2890,2023-07-30,15,5,34,15
2891,2023-07-30,484,1,10,484
2892,2023-07-30,277,6,45,277
2893,2023-07-30,487,1,19,487
2894,2023-07-30,346,6,38,346
2895,2023-07-30,260,2,12,260
2896,2023-07-30,65,1,45,65
2899,2023-07-30,188,6,26,188
2903,2023-07-31,97,2,33,97
2905,2023-07-31,397,5,11,397
2908,2023-07-31,308,4,2,308
2909,2023-07-31,164,4,35,164
2910,2023-07-31,290,3,38,290
2911,2023-07-31,4,3,10,4
2912,2023-08-01,366,1,4,366
2913,2023-08-01,91,2,10,91
2914,2023-08-01,321,1,33,321
2915,2023-08-01,317,3,13,317
2916,2023-08-01,237,1,31,237
2917,2023-08-01,261,3,1,261
2919,2023-08-01,423,4,38,423
2920,2023-08-01,460,6,9,460
2922,2023-08-01,286,5,10,286
2923,2023-08-01,427,3,7,427
2924,2023-08-01,176,6,50,176
2926,2023-08-01,146,2,3,146
2927,2023-08-02,403,2,37,403
2929,2023-08-02,88,5,19,88
2933,2023-08-02,448,6,43,448
2935,2023-08-02,345,3,37,345
2943,2023-08-03,160,5,7,160
2944,2023-08-03,65,1,22,65
2946,2023-08-03,315,1,40,315
2950,2023-08-03,120,5,1,120
2951,2023-08-03,85,2,35,85
2953,2023-08-03,216,5,23,216
2954,2023-08-03,238,1,49,238
2955,2023-08-04,188,3,22,188
2959,2023-08-04,117,2,24,117
2961,2023-08-04,396,5,2,396
2962,2023-08-04,222,5,8,222
2964,2023-08-04,257,3,15,257
2966,2023-08-04,108,6,15,108
2972,2023-08-05,436,1,49,436
2974,2023-08-05,275,1,46,275
2976,2023-08-05,179,5,2,179
2978,2023-08-05,398,6,9,398
2980,2023-08-05,185,2,6,185
2981,2023-08-05,462,6,11,462
2983,2023-08-06,5,4,8,5
2986,2023-08-06,133,5,31,133
2987,2023-08-06,377,1,35,377
2989,2023-08-06,70,4,38,70
2992,2023-08-06,121,2,41,121
2993,2023-08-06,109,4,4,109
2994,2023-08-06,267,5,23,267
2997,2023-08-06,195,6,11,195
2998,2023-08-06,325,5,24,325
3002,2023-08-07,56,1,13,56
3003,2023-08-07,157,6,4,157
3007,2023-08-07,81,4,34,81
3014,2023-08-08,321,6,30,321
3020,2023-08-08,465,4,24,465
3023,2023-08-08,362,4,22,362
3024,2023-08-09,131,4,9,131
3026,2023-08-09,362,6,46,362
3027,2023-08-09,489,2,37,489
3028,2023-08-09,343,1,24,343
3029,2023-08-09,30,1,5,30
3030,2023-08-09,124,5,15,124
3031,2023-08-09,131,1,23,131
3034,2023-08-10,288,5,38,288
3035,2023-08-10,67,4,16,67
3041,2023-08-10,483,5,25,483
3044,2023-08-10,224,1,25,224
3046,2023-08-10,129,4,6,129
3047,2023-08-10,245,6,38,245
3048,2023-08-10,336,5,9,336
3049,2023-08-10,430,3,10,430
3051,2023-08-10,99,3,38,99
3054,2023-08-11,222,3,11,222
3055,2023-08-11,225,2,22,225
3056,2023-08-11,78,3,32,78
3057,2023-08-11,244,5,44,244
3058,2023-08-11,395,3,45,395
3059,2023-08-11,202,1,5,202
3060,2023-08-11,322,6,20,322
3061,2023-08-11,290,4,2,290
3062,2023-08-11,145,1,35,145
3065,2023-08-12,335,3,12,335
3068,2023-08-12,384,1,41,384
3071,2023-08-12,15,4,16,15
3075,2023-08-13,66,2,22,66
3076,2023-08-13,91,4,1,91
3077,2023-08-13,105,4,18,105
3084,2023-08-13,19,4,3,19
3087,2023-08-14,402,5,44,402
3089,2023-08-14,305,5,29,305
3090,2023-08-14,76,3,6,76
3091,2023-08-14,212,5,8,212
3093,2023-08-14,293,5,39,293
3094,2023-08-14,371,6,16,371
3095,2023-08-14,251,4,40,251
3096,2023-08-14,267,1,27,267
3097,2023-08-14,426,5,19,426
3099,2023-08-14,72,2,16,72
3103,2023-08-14,432,6,13,432
3107,2023-08-15,447,3,16,447
3108,2023-08-15,310,4,7,310
3112,2023-08-15,448,2,29,448
3115,2023-08-15,427,2,42,427
3117,2023-08-15,183,3,30,183
3119,2023-08-15,449,6,18,449
3120,2023-08-15,368,4,26,368
3122,2023-08-15,302,5,5,302
3124,2023-08-16,162,3,30,162
3125,2023-08-16,498,5,8,498
3126,2023-08-16,497,1,11,497
3127,2023-08-16,203,3,33,203
3128,2023-08-16,495,2,48,495
3130,2023-08-16,73,1,2,73
3134,2023-08-17,201,3,41,201
3135,2023-08-17,121,5,3,121
3136,2023-08-17,54,5,8,54
3138,2023-08-17,447,3,26,447
3139,2023-08-17,196,5,32,196
3142,2023-08-17,216,1,6,216
3143,2023-08-18,467,5,13,467
3144,2023-08-18,219,6,43,219
3145,2023-08-18,140,3,3,140
3146,2023-08-18,486,1,48,486
3148,2023-08-18,62,5,33,62
3149,2023-08-18,273,4,44,273
3150,2023-08-18,69,2,8,69
3152,2023-08-19,384,6,4,384
3154,2023-08-19,374,3,24,374
3160,2023-08-19,266,6,47,266
3162,2023-08-19,40,4,2,40
3165,2023-08-20,212,4,4,212
3166,2023-08-20,25,1,40,25
3167,2023-08-20,62,5,50,62
3169,2023-08-20,209,1,25,209
3171,2023-08-20,47,5,42,47
3172,2023-08-20,397,6,38,397
3173,2023-08-20,494,1,17,494
3174,2023-08-20,164,5,13,164
3178,2023-08-20,197,2,9,197
3180,2023-08-20,109,3,25,109
3181,2023-08-20,370,4,17,370
3182,2023-08-20,222,4,7,222
3183,2023-08-21,432,1,37,432
3184,2023-08-21,109,6,15,109
3185,2023-08-21,76,2,34,76
3186,2023-08-21,95,1,41,95
3187,2023-08-21,156,4,47,156
3189,2023-08-21,184,6,49,184
3191,2023-08-21,134,3,35,134
3192,2023-08-21,490,5,22,490
3195,2023-08-21,12,4,3,12
3196,2023-08-21,251,6,44,251
3198,2023-08-21,49,3,50,49
3199,2023-08-21,144,1,45,144
3201,2023-08-21,318,3,14,318
3203,2023-08-21,303,5,10,303
3204,2023-08-22,426,2,9,426
3205,2023-08-22,46,3,46,46
3207,2023-08-22,460,6,21,460
3210,2023-08-22,118,4,25,118
3211,2023-08-22,329,2,40,329
3213,2023-08-22,364,6,12,364
3214,2023-08-22,436,2,43,436
3215,2023-08-22,384,3,18,384
3216,2023-08-22,346,2,30,346
3218,2023-08-22,62,5,40,62
3219,2023-08-23,402,2,8,402
3222,2023-08-23,473,3,5,473
3223,2023-08-23,10,6,37,10
3224,2023-08-23,106,2,1,106
3225,2023-08-23,281,1,13,281
3226,2023-08-23,2,4,19,2
3227,2023-08-23,52,2,21,52
3228,2023-08-23,189,5,43,189
3229,2023-08-23,114,1,31,114
3230,2023-08-23,206,3,18,206
3232,2023-08-23,298,4,47,298
3233,2023-08-23,170,1,36,170
3234,2023-08-23,188,5,35,188
3235,2023-08-23,16,3,17,16
3238,2023-08-24,86,4,18,86
3242,2023-08-24,412,6,14,412
3244,2023-08-24,21,4,9,21
3245,2023-08-24,413,5,23,413
3246,2023-08-25,243,2,2,243
3247,2023-08-25,202,4,22,202
3248,2023-08-25,237,1,22,237
3252,2023-08-25,68,3,42,68
3253,2023-08-25,215,5,19,215
3255,2023-08-25,106,1,34,106
3256,2023-08-25,157,3,16,157
3257,2023-08-25,319,5,14,319
3258,2023-08-25,493,2,25,493
3263,2023-08-26,482,3,7,482
3272,2023-08-26,118,2,24,118
3273,2023-08-26,78,4,29,78
3276,2023-08-27,215,1,35,215
3279,2023-08-27,216,4,45,216
3280,2023-08-27,278,5,24,278
3290,2023-08-28,499,1,34,499
3292,2023-08-28,408,4,9,408
3293,2023-08-28,14,2,43,14
3295,2023-08-28,431,6,14,431
3300,2023-08-28,125,3,43,125
3301,2023-08-29,455,3,41,455
3302,2023-08-29,423,4,33,423
3304,2023-08-29,391,5,38,391
3308,2023-08-29,415,5,30,415
3315,2023-08-29,343,1,10,343
3317,2023-08-29,370,4,50,370
3320,2023-08-30,497,1,40,497
3322,2023-08-30,184,2,12,184
3324,2023-08-30,335,5,12,335
3326,2023-08-30,284,1,12,284
3327,2023-08-30,441,1,14,441
3329,2023-08-30,463,2,9,463
3334,2023-08-30,107,4,4,107
3339,2023-08-31,435,4,4,435
3340,2023-08-31,199,5,38,199
3341,2023-08-31,257,6,8,257
3344,2023-08-31,244,5,19,244
3345,2023-09-01,475,1,44,475
3350,2023-09-01,432,2,13,432
3351,2023-09-01,85,5,19,85
3352,2023-09-01,180,5,19,180
3353,2023-09-01,394,6,29,394
3354,2023-09-01,392,4,41,392
3355,2023-09-01,33,6,2,33
3356,2023-09-01,154,5,24,154
3357,2023-09-01,51,6,32,51
3358,2023-09-02,228,5,41,228
3360,2023-09-02,303,1,27,303
3361,2023-09-02,498,3,14,498
3365,2023-09-02,245,4,34,245
3366,2023-09-02,172,6,44,172
3367,2023-09-02,36,5,36,36
3369,2023-09-02,366,2,18,366
3371,2023-09-02,107,1,49,107
3372,2023-09-03,81,2,32,81
3373,2023-09-03,409,6,9,409
3374,2023-09-03,101,4,39,101
3375,2023-09-03,194,6,17,194
3377,2023-09-03,132,3,16,132
3379,2023-09-03,158,5,30,158
3380,2023-09-03,188,3,41,188
3382,2023-09-03,184,6,50,184
3383,2023-09-03,241,6,7,241
3384,2023-09-03,411,3,9,411
3385,2023-09-03,47,5,32,47
3386,2023-09-04,428,1,19,428
3388,2023-09-04,114,4,38,114
3389,2023-09-04,393,1,2,393
3390,2023-09-04,404,1,27,404
3391,2023-09-04,417,5,5,417
3392,2023-09-04,216,5,39,216
3393,2023-09-04,163,4,7,163
3394,2023-09-04,202,6,14,202
3396,2023-09-05,292,4,19,292
3400,2023-09-05,453,5,42,453
3402,2023-09-05,434,1,37,434
3405,2023-09-05,53,1,37,53
3406,2023-09-05,388,1,10,388
3408,2023-09-05,78,5,22,78
3409,2023-09-05,183,4,19,183
3410,2023-09-05,114,6,3,114
3411,2023-09-05,207,6,18,207
3412,2023-09-05,150,6,41,150
3416,2023-09-06,404,6,23,404
3417,2023-09-06,155,1,5,155
3419,2023-09-06,481,3,3,481
3421,2023-09-06,188,2,48,188
3422,2023-09-06,169,5,5,169
3426,2023-09-06,316,3,23,316
3427,2023-09-07,386,2,27,386
3428,2023-09-07,221,4,49,221
3431,2023-09-07,352,4,29,352
3432,2023-09-07,394,2,32,394
3434,2023-09-07,240,5,26,240
3436,2023-09-07,152,4,48,152
3437,2023-09-07,426,6,30,426
3438,2023-09-07,303,2,39,303
3439,2023-09-08,390,4,41,390
3440,2023-09-08,371,4,45,371
3445,2023-09-08,292,2,40,292
3446,2023-09-08,250,1,30,250
3447,2023-09-08,81,1,4,81
3449,2023-09-08,26,6,1,26
3450,2023-09-08,353,3,3,353
3452,2023-09-08,145,5,12,145
3454,2023-09-08,467,4,4,467
3455,2023-09-08,493,5,47,493
3458,2023-09-09,13,2,16,13
3459,2023-09-09,421,3,31,421
3460,2023-09-09,221,3,24,221
3463,2023-09-09,272,5,35,272
3466,2023-09-09,149,2,29,149
3467,2023-09-09,97,3,28,97
3469,2023-09-09,121,1,38,121
3470,2023-09-09,183,2,49,183
3471,2023-09-09,315,4,34,315
3472,2023-09-09,142,3,43,142
3473,2023-09-09,498,5,42,498
3475,2023-09-09,60,3,39,60
3476,2023-09-10,470,5,18,470
3478,2023-09-10,497,4,12,497
3482,2023-09-10,237,5,44,237
3483,2023-09-10,229,2,30,229
3487,2023-09-10,30,6,28,30
3488,2023-09-10,206,6,27,206
3489,2023-09-10,43,5,37,43
3490,2023-09-10,27,5,44,27
3491,2023-09-11,403,1,10,403
3493,2023-09-11,238,4,12,238
3494,2023-09-11,396,2,5,396
3495,2023-09-11,297,1,25,297
3497,2023-09-11,371,1,41,371
3499,2023-09-11,491,6,14,491
3500,2023-09-11,277,4,46,277
3501,2023-09-11,290,6,18,290
3504,2023-09-11,154,6,25,154
3506,2023-09-11,247,6,24,247
3508,2023-09-11,127,1,5,127
3510,2023-09-12,316,6,16,316
3512,2023-09-12,340,5,27,340
3513,2023-09-12,153,6,17,153
3516,2023-09-12,344,5,2,344
3519,2023-09-13,257,5,32,257
3520,2023-09-13,83,4,14,83
3524,2023-09-13,360,5,2,360
3525,2023-09-13,230,3,36,230
3526,2023-09-13,448,4,10,448
3529,2023-09-13,22,3,10,22
3530,2023-09-14,354,1,13,354
3532,2023-09-14,212,3,46,212
3534,2023-09-14,159,3,47,159
3537,2023-09-14,175,6,41,175
3538,2023-09-14,141,3,49,141
3543,2023-09-14,30,4,15,30
3544,2023-09-14,144,1,7,144
3546,2023-09-15,201,4,45,201
3547,2023-09-15,377,5,18,377
3548,2023-09-15,237,1,44,237
3549,2023-09-15,323,1,26,323
3555,2023-09-15,39,4,16,39
3556,2023-09-15,463,1,49,463
3558,2023-09-15,87,2,16,87
3559,2023-09-16,389,3,42,389
3561,2023-09-16,291,6,8,291
3562,2023-09-16,210,1,27,210
3565,2023-09-16,201,5,33,201
3570,2023-09-17,272,2,36,272
3573,2023-09-17,138,4,43,138
3575,2023-09-17,316,1,2,316
3580,2023-09-17,431,3,26,431
3581,2023-09-18,66,5,46,66
3582,2023-09-18,156,6,4,156
3584,2023-09-18,81,5,14,81
3587,2023-09-18,92,4,48,92
3590,2023-09-18,394,2,8,394
3592,2023-09-18,187,6,31,187
3593,2023-09-18,202,4,11,202
3594,2023-09-18,447,6,21,447
3597,2023-09-18,123,1,7,123
3599,2023-09-18,303,1,17,303
3603,2023-09-19,67,1,19,67
3605,2023-09-19,141,3,41,141
3608,2023-09-19,292,5,32,292
3609,2023-09-19,448,4,40,448
3611,2023-09-19,469,4,45,469
3612,2023-09-20,213,5,4,213
3615,2023-09-20,142,5,15,142
3616,2023-09-20,476,4,14,476
3618,2023-09-20,111,1,3,111
3619,2023-09-20,444,5,35,444
3623,2023-09-20,421,6,40,421
3626,2023-09-20,244,1,43,244
3628,2023-09-21,437,1,39,437
3629,2023-09-21,268,6,14,268
3632,2023-09-21,142,2,39,142
3633,2023-09-21,396,4,45,396
3634,2023-09-21,210,4,21,210
3635,2023-09-22,400,4,1,400
3636,2023-09-22,157,5,24,157
3643,2023-09-22,275,2,36,275
3644,2023-09-22,335,2,2,335
3649,2023-09-22,382,2,45,382
3651,2023-09-23,227,1,3,227
3653,2023-09-23,300,6,43,300
3654,2023-09-23,110,3,28,110
3655,2023-09-23,316,5,37,316
3657,2023-09-23,211,5,35,211
3660,2023-09-24,162,1,23,162
3661,2023-09-24,351,6,38,351
3662,2023-09-24,340,4,12,340
3668,2023-09-24,43,2,14,43
3669,2023-09-24,442,1,9,442
3673,2023-09-24,192,2,6,192
3679,2023-09-25,381,6,14,381
3680,2023-09-25,75,4,13,75
3687,2023-09-26,183,5,45,183
3689,2023-09-26,315,1,47,315
3692,2023-09-26,449,4,12,449
3695,2023-09-26,129,2,45,129
3697,2023-09-26,77,3,49,77
3698,2023-09-26,128,3,4,128
3700,2023-09-27,17,6,29,17
3705,2023-09-27,494,6,7,494
3706,2023-09-27,393,3,29,393
3708,2023-09-27,40,5,42,40
3710,2023-09-27,427,5,28,427
3714,2023-09-28,75,6,40,75
3715,2023-09-28,85,5,17,85
3717,2023-09-28,54,5,1,54
3719,2023-09-28,335,1,2,335
3720,2023-09-28,223,6,47,223
3721,2023-09-28,432,4,17,432
3722,2023-09-28,184,4,20,184
3723,2023-09-28,97,6,42,97
3724,2023-09-28,51,2,32,51
3725,2023-09-28,148,2,32,148
3726,2023-09-28,240,5,34,240
3727,2023-09-28,407,4,22,407
3728,2023-09-28,399,3,30,399
3730,2023-09-29,247,1,6,247
3732,2023-09-29,270,6,9,270
3736,2023-09-29,43,1,30,43
3737,2023-09-29,151,4,33,151
3742,2023-09-30,63,2,20,63
3745,2023-09-30,494,3,48,494
3747,2023-09-30,347,1,18,347
3750,2023-09-30,75,3,30,75
3751,2023-09-30,267,1,27,267
3753,2023-10-01,74,4,27,74
3756,2023-10-01,466,5,22,466
3757,2023-10-01,77,1,40,77
3758,2023-10-01,486,6,48,486
3759,2023-10-01,268,4,42,268
3760,2023-10-01,224,6,1,224
3761,2023-10-01,472,3,46,472
3762,2023-10-01,231,4,35,231
3763,2023-10-01,6,3,27,6
3765,2023-10-01,116,2,39,116
3766,2023-10-01,153,1,27,153
3769,2023-10-01,181,1,13,181
3771,2023-10-02,16,4,25,16
3772,2023-10-02,489,6,10,489
3777,2023-10-02,362,5,39,362
3779,2023-10-02,236,3,22,236
3783,2023-10-02,84,1,1,84
3784,2023-10-03,393,2,37,393
3785,2023-10-03,67,2,43,67
3789,2023-10-03,494,3,1,494
3792,2023-10-04,169,6,43,169
3793,2023-10-04,30,1,30,30
3794,2023-10-04,457,5,25,457
3797,2023-10-04,75,6,40,75
3800,2023-10-04,243,2,50,243
3802,2023-10-04,342,5,25,342
3803,2023-10-04,480,3,1,480
3805,2023-10-04,37,6,49,37
3807,2023-10-04,448,5,5,448
3810,2023-10-05,214,2,13,214
3811,2023-10-05,119,2,44,119
3813,2023-10-05,407,5,32,407
3814,2023-10-05,42,5,17,42
3815,2023-10-05,352,3,40,352
3817,2023-10-05,270,4,49,270
3820,2023-10-05,19,1,35,19
3821,2023-10-05,290,4,25,290
3822,2023-10-06,44,1,15,44
3824,2023-10-06,169,2,44,169
3825,2023-10-06,41,1,38,41
3827,2023-10-06,286,1,36,286
3828,2023-10-06,248,3,40,248
3829,2023-10-06,500,1,22,500
3830,2023-10-06,239,1,12,239
3832,2023-10-06,84,4,37,84
3835,2023-10-07,259,3,18,259
3840,2023-10-07,488,1,17,488
3841,2023-10-07,270,5,31,270
3842,2023-10-07,274,5,35,274
3844,2023-10-07,431,4,13,431
3845,2023-10-07,190,4,19,190
3847,2023-10-07,184,1,4,184
3848,2023-10-07,91,5,15,91
3850,2023-10-08,398,2,25,398
3851,2023-10-08,323,5,39,323
3852,2023-10-08,323,6,22,323
3855,2023-10-08,225,1,20,225
3858,2023-10-08,325,3,43,325
3859,2023-10-08,138,5,18,138
3860,2023-10-08,142,6,50,142
3863,2023-10-08,376,2,17,376
3865,2023-10-09,307,4,30,307
3866,2023-10-09,472,4,44,472
3868,2023-10-09,20,5,25,20
3872,2023-10-09,258,1,9,258
3873,2023-10-09,110,4,29,110
3874,2023-10-09,319,1,21,319
3877,2023-10-10,164,5,12,164
3879,2023-10-10,249,1,17,249
3880,2023-10-10,277,1,22,277
3884,2023-10-10,420,2,48,420
3885,2023-10-10,13,3,15,13
3886,2023-10-10,460,5,6,460
3888,2023-10-10,293,4,21,293
3890,2023-10-11,272,2,25,272
3894,2023-10-11,388,2,25,388
3896,2023-10-11,167,3,47,167
3898,2023-10-11,84,1,47,84
3901,2023-10-11,260,4,37,260
3903,2023-10-11,63,5,28,63
3908,2023-10-12,175,6,38,175
3911,2023-10-12,210,6,38,210
3913,2023-10-12,279,3,36,279
3914,2023-10-12,441,2,31,441
3915,2023-10-12,294,3,24,294
3917,2023-10-12,331,6,42,331
3919,2023-10-13,361,2,29,361
3922,2023-10-13,130,3,10,130
3923,2023-10-13,45,2,18,45
3924,2023-10-13,35,5,44,35
3925,2023-10-13,12,3,1,12
3926,2023-10-13,287,6,22,287
3927,2023-10-13,235,1,29,235
3928,2023-10-13,220,2,40,220
3930,2023-10-13,322,1,29,322
3931,2023-10-13,367,2,9,367
3932,2023-10-13,436,1,19,436
3933,2023-10-13,369,2,10,369
3937,2023-10-14,478,3,31,478
3938,2023-10-14,65,2,36,65
3939,2023-10-14,436,5,33,436
3942,2023-10-14,133,4,34,133
3943,2023-10-14,126,2,41,126
3945,2023-10-15,461,5,18,461
3947,2023-10-15,179,6,30,179
3948,2023-10-15,26,4,29,26
3949,2023-10-15,196,3,12,196
3950,2023-10-15,172,6,13,172
3951,2023-10-15,220,1,41,220
3953,2023-10-16,49,1,30,49
3954,2023-10-16,381,4,32,381
3956,2023-10-16,349,1,49,349
3957,2023-10-16,222,6,22,222
3959,2023-10-16,12,4,23,12
3960,2023-10-16,474,5,41,474
3962,2023-10-16,319,5,45,319
3963,2023-10-16,343,4,8,343
3966,2023-10-17,391,4,18,391
3969,2023-10-17,433,4,21,433
3971,2023-10-17,273,6,12,273
3975,2023-10-17,241,6,49,241
3976,2023-10-18,128,4,19,128
3977,2023-10-18,403,1,31,403
3978,2023-10-18,415,4,22,415
3982,2023-10-18,437,6,29,437
3983,2023-10-18,244,4,8,244
3984,2023-10-19,108,2,41,108
3993,2023-10-19,471,3,23,471
3996,2023-10-19,71,1,4,71
3997,2023-10-19,273,3,10,273
3999,2023-10-19,181,4,47,181
4001,2023-10-19,412,1,12,412
4004,2023-10-20,211,5,22,211
4006,2023-10-20,35,5,41,35
4007,2023-10-20,131,2,14,131
4014,2023-10-20,182,3,17,182
4015,2023-10-20,386,5,38,386
4017,2023-10-21,286,4,3,286
4019,2023-10-21,313,5,38,313
4020,2023-10-21,160,2,49,160
4022,2023-10-21,356,3,48,356
4023,2023-10-21,88,3,16,88
4029,2023-10-21,475,1,29,475
4034,2023-10-22,46,1,42,46
4036,2023-10-22,244,6,46,244
4037,2023-10-22,286,4,20,286
4039,2023-10-22,190,1,7,190
4041,2023-10-22,77,3,8,77
4042,2023-10-22,313,1,30,313
4043,2023-10-22,442,3,40,442
4044,2023-10-22,81,3,36,81
4046,2023-10-22,35,2,9,35
4049,2023-10-23,409,4,17,409
4052,2023-10-23,254,5,42,254
4053,2023-10-23,450,2,11,450
4054,2023-10-23,123,1,4,123
4056,2023-10-23,36,3,47,36
4062,2023-10-24,430,6,15,430
4063,2023-10-24,199,2,41,199
4065,2023-10-24,231,5,29,231
4067,2023-10-24,474,3,42,474
4070,2023-10-24,90,1,37,90
4072,2023-10-24,254,3,8,254
4076,2023-10-25,21,6,18,21
4077,2023-10-25,63,4,31,63
4078,2023-10-25,361,1,30,361
4079,2023-10-25,187,3,28,187
4080,2023-10-25,37,5,48,37
4081,2023-10-25,320,4,23,320
4084,2023-10-25,265,2,42,265
4085,2023-10-25,195,3,37,195
4086,2023-10-25,301,3,28,301
4088,2023-10-26,47,4,34,47
4093,2023-10-26,252,3,25,252
4094,2023-10-26,475,2,15,475
4099,2023-10-26,115,3,24,115
4100,2023-10-26,208,3,38,208
4101,2023-10-26,26,1,10,26
4104,2023-10-26,190,1,34,190
4109,2023-10-26,39,6,6,39
4113,2023-10-27,173,6,25,173
4118,2023-10-27,391,4,37,391
4119,2023-10-27,143,4,36,143
4126,2023-10-28,355,6,27,355
4127,2023-10-28,175,3,4,175
4128,2023-10-28,186,2,25,186
4131,2023-10-29,319,5,7,319
4133,2023-10-29,321,4,11,321
4136,2023-10-29,494,6,6,494
4138,2023-10-29,308,4,49,308
4142,2023-10-29,332,6,50,332
4145,2023-10-30,345,2,20,345
4155,2023-10-30,170,4,38,170
4157,2023-10-30,7,4,10,7
4159,2023-10-31,324,6,39,324
4160,2023-10-31,474,1,25,474
4163,2023-10-31,301,5,35,301
4164,2023-10-31,130,4,42,130
4165,2023-10-31,360,4,36,360
4168,2023-10-31,457,6,42,457
4169,2023-10-31,268,5,31,268
4171,2023-10-31,490,3,17,490
4173,2023-11-01,241,4,47,241
4174,2023-11-01,56,1,24,56
4175,2023-11-01,369,3,28,369
4176,2023-11-01,341,4,20,341
4180,2023-11-01,141,1,18,141
4182,2023-11-01,470,2,8,470
4187,2023-11-02,281,5,33,281
4188,2023-11-02,95,4,44,95
4189,2023-11-02,92,6,22,92
4190,2023-11-02,54,2,50,54
4191,2023-11-02,457,6,38,457
4193,2023-11-02,415,1,19,415
4194,2023-11-02,288,1,9,288
4196,2023-11-03,282,1,21,282
4197,2023-11-03,155,2,47,155
4198,2023-11-03,398,3,2,398
4200,2023-11-03,400,4,36,400
4201,2023-11-03,402,2,12,402
4205,2023-11-03,434,5,27,434
4206,2023-11-03,20,2,28,20
4207,2023-11-03,150,1,5,150
4212,2023-11-04,206,5,25,206
4214,2023-11-04,28,5,17,28
4215,2023-11-04,459,5,30,459
4218,2023-11-04,110,1,14,110
4219,2023-11-04,393,5,12,393
4221,2023-11-04,113,2,7,113
4224,2023-11-04,234,6,25,234
4226,2023-11-05,146,6,32,146
4227,2023-11-05,421,3,3,421
4228,2023-11-05,204,2,24,204
4230,2023-11-05,40,6,44,40
4233,2023-11-06,487,5,45,487
4235,2023-11-06,245,5,17,245
4236,2023-11-06,209,3,38,209
4238,2023-11-06,281,2,6,281
4242,2023-11-06,217,6,31,217
4244,2023-11-06,447,5,12,447
4245,2023-11-07,301,2,38,301
4246,2023-11-07,119,1,7,119
4249,2023-11-07,487,2,3,487
4250,2023-11-07,119,2,43,119
4251,2023-11-07,193,1,9,193
4252,2023-11-07,361,4,21,361
4253,2023-11-07,218,1,22,218
4256,2023-11-07,406,6,29,406
4259,2023-11-08,68,5,30,68
4261,2023-11-08,401,5,8,401
4264,2023-11-08,27,6,15,27
4265,2023-11-08,297,4,36,297
4271,2023-11-09,42,4,50,42
4272,2023-11-09,285,5,23,285
4276,2023-11-09,99,4,8,99
4277,2023-11-09,362,3,27,362
4278,2023-11-09,253,2,21,253
4281,2023-11-09,440,4,50,440
4282,2023-11-09,83,2,25,83
4283,2023-11-09,29,5,37,29
4285,2023-11-10,314,2,26,314
4286,2023-11-10,431,5,12,431
4287,2023-11-10,430,3,3,430
4288,2023-11-10,347,5,33,347
4290,2023-11-10,349,5,16,349
4292,2023-11-10,345,1,30,345
4298,2023-11-11,494,2,19,494
4300,2023-11-11,127,2,34,127
4305,2023-11-11,410,5,18,410
4311,2023-11-12,48,5,47,48
4312,2023-11-12,44,4,14,44
4313,2023-11-12,483,2,2,483
4318,2023-11-12,30,3,42,30
4320,2023-11-12,255,2,36,255
4323,2023-11-12,299,5,6,299
4326,2023-11-13,169,3,49,169
4327,2023-11-13,184,5,2,184
4328,2023-11-13,124,1,44,124
4329,2023-11-13,496,6,6,496
4330,2023-11-13,131,1,24,131
4331,2023-11-13,184,4,1,184
4336,2023-11-14,331,2,37,331
4341,2023-11-14,257,1,35,257
4345,2023-11-14,281,2,40,281
4348,2023-11-14,419,1,2,419
4350,2023-11-14,18,6,46,18
4354,2023-11-15,369,5,18,369
4356,2023-11-15,308,5,11,308
4357,2023-11-15,82,2,3,82
4358,2023-11-15,143,5,1,143
4359,2023-11-16,307,5,17,307
4362,2023-11-16,425,1,39,425
4364,2023-11-16,344,3,6,344
4365,2023-11-16,343,5,21,343
4368,2023-11-16,342,1,30,342
4370,2023-11-16,30,4,36,30
4376,2023-11-17,335,4,14,335
4377,2023-11-17,266,6,26,266
4378,2023-11-17,309,3,37,309
4383,2023-11-17,361,1,32,361
4388,2023-11-18,382,5,6,382
4393,2023-11-18,116,4,39,116
4394,2023-11-18,276,3,24,276
4395,2023-11-19,140,5,48,140
4396,2023-11-19,426,2,41,426
4397,2023-11-19,281,1,41,281
4398,2023-11-19,7,2,12,7
4399,2023-11-19,238,4,47,238
4400,2023-11-19,303,6,38,303
4404,2023-11-19,134,6,40,134
4405,2023-11-19,49,6,47,49
4407,2023-11-20,78,1,11,78
4408,2023-11-20,152,1,17,152
4409,2023-11-20,185,6,17,185
4415,2023-11-20,428,5,19,428
4416,2023-11-20,364,2,3,364
4419,2023-11-21,236,5,31,236
4421,2023-11-21,120,1,50,120
4423,2023-11-21,88,6,15,88
4426,2023-11-21,362,1,1,362
4428,2023-11-21,56,1,31,56
4429,2023-11-22,397,6,38,397
4432,2023-11-22,199,4,33,199
4433,2023-11-22,442,4,4,442
4435,2023-11-22,193,3,3,193
4441,2023-11-23,259,2,32,259
4443,2023-11-23,150,5,40,150
4445,2023-11-23,309,3,32,309
4448,2023-11-23,180,1,6,180
4455,2023-11-24,323,2,34,323
4457,2023-11-24,320,6,41,320
4458,2023-11-24,262,5,1,262
4459,2023-11-24,381,4,9,381
4461,2023-11-24,6,1,42,6
4462,2023-11-24,144,1,13,144
4463,2023-11-24,219,6,4,219
4465,2023-11-24,272,3,27,272
4469,2023-11-25,432,6,29,432
4470,2023-11-25,281,4,8,281
4471,2023-11-25,95,6,15,95
4472,2023-11-25,45,2,32,45
4475,2023-11-26,256,2,11,256
4476,2023-11-26,491,3,29,491
4481,2023-11-26,34,4,22,34
4484,2023-11-27,113,6,48,113
4486,2023-11-27,471,2,42,471
4487,2023-11-27,379,6,10,379
4488,2023-11-27,179,6,35,179
4490,2023-11-27,344,1,23,344
4493,2023-11-27,278,3,50,278
4494,2023-11-27,64,3,1,64
4496,2023-11-27,247,4,48,247
4500,2023-11-27,1,4,8,1
4502,2023-11-27,124,5,40,124
4503,2023-11-28,370,3,21,370
4505,2023-11-28,121,6,42,121
4506,2023-11-28,300,3,35,300
4507,2023-11-28,253,5,15,253
4511,2023-11-28,110,4,36,110
4513,2023-11-28,205,2,20,205
4516,2023-11-28,141,6,15,141
4517,2023-11-28,131,6,20,131
4519,2023-11-28,202,6,15,202
4520,2023-11-28,75,2,43,75
4523,2023-11-29,96,1,49,96
4524,2023-11-29,437,5,17,437
4525,2023-11-29,203,2,45,203
4526,2023-11-29,48,4,11,48
4528,2023-11-29,468,5,50,468
4530,2023-11-29,58,3,33,58
4533,2023-11-30,373,3,15,373
4537,2023-11-30,350,2,27,350
4538,2023-11-30,74,2,22,74
4540,2023-11-30,81,1,20,81
4541,2023-11-30,428,4,36,428
4542,2023-11-30,472,4,32,472
4543,2023-11-30,374,1,42,374
4544,2023-12-01,21,4,44,21
4550,2023-12-01,177,1,22,177
4558,2023-12-02,120,2,29,120
4560,2023-12-02,232,2,5,232
4562,2023-12-02,214,1,2,214
4563,2023-12-02,181,1,38,181
4564,2023-12-02,308,4,14,308
4565,2023-12-02,242,2,45,242
4566,2023-12-02,297,5,4,297
4571,2023-12-03,80,3,25,80
4572,2023-12-03,371,3,31,371
4573,2023-12-03,456,5,29,456
4578,2023-12-03,361,2,48,361
4579,2023-12-04,175,6,46,175
4581,2023-12-04,268,6,23,268
4585,2023-12-04,148,4,46,148
4586,2023-12-04,163,5,38,163
4587,2023-12-04,481,3,47,481
4589,2023-12-04,356,2,5,356
4590,2023-12-04,23,5,12,23
4591,2023-12-04,361,4,34,361
4592,2023-12-04,164,4,14,164
4593,2023-12-04,489,1,12,489
4596,2023-12-04,419,5,14,419
4597,2023-12-04,255,6,18,255
4598,2023-12-04,123,4,48,123
4600,2023-12-05,233,6,11,233
4606,2023-12-05,95,1,36,95
4607,2023-12-05,311,1,43,311
4608,2023-12-05,297,4,9,297
4611,2023-12-05,191,1,12,191
4613,2023-12-05,69,5,43,69
4617,2023-12-06,318,1,41,318
4619,2023-12-06,435,5,36,435
4620,2023-12-06,447,2,49,447
4624,2023-12-06,497,3,25,497
4626,2023-12-06,452,3,18,452
4627,2023-12-06,421,3,21,421
4630,2023-12-06,91,6,14,91
4635,2023-12-07,436,5,28,436
4639,2023-12-07,212,4,23,212
4640,2023-12-07,224,2,25,224
4641,2023-12-07,142,3,32,142
4643,2023-12-08,353,2,25,353
4645,2023-12-08,335,1,15,335
4646,2023-12-08,115,2,34,115
4647,2023-12-08,311,5,32,311
4648,2023-12-08,422,2,37,422
4649,2023-12-08,136,4,14,136
4650,2023-12-08,356,2,5,356
4651,2023-12-08,182,5,1,182
4652,2023-12-08,335,5,44,335
4656,2023-12-09,97,6,40,97
4657,2023-12-09,33,5,41,33
4665,2023-12-09,217,5,1,217
4667,2023-12-09,196,1,45,196
4670,2023-12-09,476,6,38,476
4672,2023-12-09,401,2,17,401
4673,2023-12-10,142,1,4,142
4674,2023-12-10,7,5,10,7
4675,2023-12-10,311,4,28,311
4678,2023-12-10,422,5,3,422
4679,2023-12-10,382,4,30,382
4681,2023-12-10,298,6,18,298
4682,2023-12-10,182,5,10,182
4685,2023-12-10,26,6,25,26
4686,2023-12-10,1,1,15,1
4691,2023-12-10,53,2,8,53
4693,2023-12-10,417,4,40,417
4694,2023-12-10,22,1,6,22
4699,2023-12-11,116,5,42,116
4700,2023-12-11,104,1,22,104
4702,2023-12-11,38,3,38,38
4703,2023-12-11,366,2,38,366
4705,2023-12-11,152,4,31,152
4706,2023-12-11,309,2,39,309
4707,2023-12-11,262,1,15,262
4708,2023-12-11,477,2,18,477
4710,2023-12-11,464,4,30,464
4711,2023-12-11,472,4,10,472
4714,2023-12-11,433,2,25,433
4718,2023-12-12,223,6,38,223
4723,2023-12-12,385,3,38,385
4724,2023-12-13,161,3,25,161
4725,2023-12-13,57,5,27,57
4728,2023-12-13,168,2,40,168
4729,2023-12-13,194,4,39,194
4730,2023-12-13,73,1,8,73
4731,2023-12-13,394,4,47,394
4733,2023-12-13,294,3,38,294
4734,2023-12-13,471,5,45,471
4735,2023-12-13,476,2,43,476
4739,2023-12-13,428,4,22,428
4740,2023-12-13,258,5,5,258
4742,2023-12-14,183,1,6,183
4744,2023-12-14,304,4,2,304
4747,2023-12-14,466,6,3,466
4749,2023-12-14,12,4,4,12
4751,2023-12-14,212,1,48,212
4752,2023-12-14,411,3,46,411
4754,2023-12-15,9,1,47,9
4755,2023-12-15,113,6,31,113
4756,2023-12-15,321,1,19,321
4761,2023-12-15,119,2,2,119
4765,2023-12-15,199,3,33,199
4768,2023-12-15,183,3,42,183
4769,2023-12-15,107,1,33,107
4770,2023-12-15,64,1,21,64
4771,2023-12-15,114,2,25,114
4775,2023-12-16,74,6,16,74
4777,2023-12-16,320,5,37,320
4778,2023-12-16,283,2,36,283
4779,2023-12-16,261,1,23,261
4783,2023-12-16,120,1,46,120
4784,2023-12-16,227,4,20,227
4785,2023-12-17,161,2,2,161
4788,2023-12-17,324,6,8,324
4791,2023-12-17,227,4,40,227
4792,2023-12-17,53,2,25,53
4794,2023-12-18,189,1,48,189
4796,2023-12-18,329,5,21,329
4798,2023-12-18,97,2,25,97
4800,2023-12-18,440,3,12,440
4801,2023-12-18,17,5,10,17
4806,2023-12-18,206,3,43,206
4808,2023-12-18,227,1,41,227
4809,2023-12-18,238,2,32,238
4812,2023-12-19,337,3,21,337
4815,2023-12-19,295,3,40,295
4816,2023-12-19,98,6,19,98
4822,2023-12-20,364,2,11,364
4823,2023-12-20,250,6,36,250
4824,2023-12-20,104,1,49,104
4833,2023-12-20,449,5,28,449
4834,2023-12-20,32,5,21,32
4835,2023-12-20,361,3,21,361
4836,2023-12-21,32,1,23,32
4837,2023-12-21,171,6,1,171
4838,2023-12-21,207,4,48,207
4839,2023-12-21,80,2,38,80
4840,2023-12-21,208,3,17,208
4846,2023-12-21,98,1,7,98
4849,2023-12-22,202,2,2,202
4851,2023-12-22,382,5,20,382
4852,2023-12-22,17,6,8,17
4857,2023-12-22,350,4,6,350
4860,2023-12-22,301,6,46,301
4865,2023-12-23,117,4,3,117
4866,2023-12-23,106,1,38,106
4867,2023-12-23,167,6,19,167
4869,2023-12-23,412,1,39,412
4870,2023-12-23,62,3,38,62
4872,2023-12-23,367,4,35,367
4875,2023-12-23,250,3,19,250
4876,2023-12-23,2,1,8,2
4877,2023-12-23,381,3,37,381
4878,2023-12-23,134,1,12,134
4880,2023-12-23,5,5,40,5
4882,2023-12-23,93,4,49,93
4883,2023-12-23,403,5,45,403
4884,2023-12-23,459,6,21,459
4886,2023-12-23,318,6,34,318
4887,2023-12-24,361,4,50,361
4888,2023-12-24,327,1,47,327
4890,2023-12-24,182,5,24,182
4891,2023-12-24,286,1,42,286
4893,2023-12-24,466,1,24,466
4894,2023-12-24,209,2,39,209
4901,2023-12-24,464,2,40,464
4903,2023-12-24,242,1,8,242
4904,2023-12-24,438,4,43,438
4907,2023-12-24,423,2,22,423
4908,2023-12-24,496,4,40,496
4911,2023-12-25,240,2,25,240
4912,2023-12-25,415,3,35,415
4915,2023-12-25,499,6,10,499
4917,2023-12-25,423,1,47,423
4918,2023-12-25,64,2,32,64
4921,2023-12-25,302,3,8,302
4922,2023-12-25,444,5,42,444
4924,2023-12-25,175,2,19,175
4925,2023-12-25,332,2,1,332
4930,2023-12-26,423,3,13,423
4931,2023-12-26,383,6,48,383
4932,2023-12-26,481,3,42,481
4934,2023-12-26,100,1,8,100
4935,2023-12-26,37,5,14,37
4936,2023-12-26,322,3,17,322
4938,2023-12-26,147,1,44,147
4943,2023-12-27,138,4,2,138
4944,2023-12-27,212,4,47,212
4945,2023-12-27,22,6,30,22
4946,2023-12-27,85,4,49,85
4948,2023-12-27,457,6,28,457
4950,2023-12-27,221,1,28,221
4954,2023-12-28,274,5,43,274
4957,2023-12-28,429,2,21,429
4959,2023-12-28,214,6,7,214
4960,2023-12-28,310,2,32,310
4961,2023-12-28,94,1,47,94
4962,2023-12-28,440,6,36,440
4963,2023-12-28,215,4,12,215
4966,2023-12-28,37,5,33,37
4968,2023-12-29,210,5,20,210
4970,2023-12-29,109,5,1,109
4971,2023-12-29,189,2,19,189
4973,2023-12-29,450,2,5,450
4974,2023-12-29,286,5,8,286
4976,2023-12-29,315,6,1,315
4979,2023-12-29,194,2,49,194
4982,2023-12-29,297,6,37,297
4984,2023-12-30,145,3,11,145
4989,2023-12-30,3,5,12,3
4990,2023-12-30,350,1,17,350
4994,2023-12-30,387,3,22,387
4995,2023-12-30,44,3,28,44
4998,2023-12-30,407,5,13,407
5000,2023-12-30,234,2,13,234
